"variable","F1","F2","F3","F4","F5"
"mean_gc_fastboende_count_k10",-0.0741714533409765,0.00171390162153056,-0.0679150049601727,0.556618544244185,0.150483128483746
"std_gc_fastboende_count_k10",0.00929695969094458,0.066350663257191,-0.0557635115841257,0.309699372575414,0.227564938235017
"mean_gc_roads_medium_length_m_k10",-0.16222232968946,-0.0426852786058989,-0.134900566710695,0.207876057765748,0.130549383722809
"std_gc_roads_medium_length_m_k10",0.0433989531200357,0.000295255448066374,-0.0473384734130732,0.0708939629324013,0.266496303030039
"mean_gc_roads_large_length_m_k10",-0.0736223877473922,0.0879337807534584,-0.143991956281602,0.260782462975671,0.213727107757284
"std_gc_roads_large_length_m_k10",0.133736952088714,0.080631086860825,-0.0607956724877688,0.114017778960575,0.309029115477326
"mean_gc_ecology_connectivity_share_k10",0.0476551860185399,0.196184295414012,0.654129283625371,-0.166199177992746,-0.110040253465724
"std_gc_ecology_connectivity_share_k10",0.475689374163909,0.15086049332813,0.0113223250579045,-0.0263489735811151,0.135731245208613
"mean_gc_cultural_historical_conservation_share_k10",-0.0417317829779018,0.0027630963591097,-0.0810425048189514,0.00265293638125498,0.024670801662351
"std_gc_cultural_historical_conservation_share_k10",0.014796480851409,-0.00697985268590164,-0.0542416396241167,0.000775248175840067,0.0602148710273629
"mean_gc_fredskov_share_k10",-0.110924073163444,0.0250821904670477,0.712238824982534,-0.0599270365464565,-0.136700071476145
"std_gc_fredskov_share_k10",0.214030136682065,0.130195137252056,0.187875697910403,0.00489683761350466,-0.00527074665997646
"mean_gc_agricultural_land_share_k10",-0.355467397807158,-0.16077575459327,-0.552576302175125,-0.381241478254348,0.0483645639024558
"std_gc_agricultural_land_share_k10",0.212374159512029,0.13610855453443,0.00296635142734142,-0.0447405685524451,0.217539885728245
"mean_gc_relief_m_k10",-0.0826363311712611,0.807057470372235,0.0645799324528608,-0.0975166916147378,-0.15217311159428
"std_gc_relief_m_k10",0.259307677949981,0.483976879124075,0.160626686371337,0.0174233265841744,0.0651385337782722
"mean_gc_protected_watercourses_length_m_k10",0.0424192230511321,0.055920338255322,-0.0348216369481165,-0.106601278830029,-0.0124020424866399
"std_gc_protected_watercourses_length_m_k10",0.174780888242364,0.0578285509007164,-0.0180455042879734,-0.0598712026894602,0.0714605795179453
"mean_gc_lake_share_k10",-0.0313737042354128,0.0394578813284457,0.160151353533889,0.0309535309555234,0.0189696607323576
"std_gc_lake_share_k10",0.0521578884422473,0.0515810193901835,0.137803651835901,0.0529095686974584,0.0693646325603745
"mean_gc_wetland_share_k10",-0.10085581066241,-0.0332590028843006,0.271038629575625,-0.035714344624104,0.246536566099224
"std_gc_wetland_share_k10",-0.0343944915227221,-0.0346769719847382,0.184441953013257,-0.0109091581948562,0.191809730398196
"mean_gc_moor_hede_share_k10",0.350653050859052,0.258104430937253,0.208755188618587,-0.0535238781898276,0.0633453542261901
"std_gc_moor_hede_share_k10",0.458163209433599,0.119296761699113,0.159074485027122,-0.0686783415321093,0.043768028554706
"mean_gc_forest_share_k10",-0.00815285107029122,0.0395923908372948,0.726120247091086,-0.106208480601997,-0.126664544617736
"std_gc_forest_share_k10",0.394826312669688,0.0976476823935096,0.199797159289001,-0.0471053696024814,0.102342475197264
"mean_gc_coastal_zone_share_k10",0.321026494306273,0.373104122753138,-0.275102555058971,0.0958223547022314,0.208920803152552
"std_gc_coastal_zone_share_k10",0.423465953058849,0.241244761256226,0.0264621842425671,0.117474776524454,0.0972004383736955
"mean_gc_coastline_length_m_k10",0.298332225345942,0.405923316301613,0.0148652541449197,0.110397993570815,0.154570533390344
"std_gc_coastline_length_m_k10",0.407503323447866,0.326846554162443,0.0428408378010742,0.0791346918802779,0.117174865823309
"mean_gc_valuable_cultural_environment_share_k10",0.125857923444123,0.165899993649748,0.0885050576745205,0.159627754662162,0.179809202846916
"std_gc_valuable_cultural_environment_share_k10",0.230918157654702,0.163406651261009,0.0408813571097006,0.140356554094059,0.171668263308042
"mean_gc_highest_point_m_k10",-0.722804317662265,-0.0468258241082699,0.277055652560986,-0.359203298756758,-0.383331108645605
"std_gc_highest_point_m_k10",0.22419764039023,0.37182908667475,0.123516054789762,0.0066003173804985,0.12362538580154
"mean_gc_river_length_m_k10",-0.194871379594535,-0.149074530046074,0.477612558301798,-0.125603452049927,0.00706472107127343
"std_gc_river_length_m_k10",0.0227537588177232,-0.0748996907452055,0.32233851692983,-0.0614689995845187,0.11058823061412
"mean_gc_sand_dune_share_k10",0.522483739591911,-0.042513312497484,0.115280449720015,-0.0871429444045864,0.0333078734146792
"std_gc_sand_dune_share_k10",0.542502320383702,-0.0428263360829911,0.113582926395009,-0.0781445788666311,0.0269574773545688
"mean_gc_bes_naturtyper_share_k10",0.128322878350994,0.279177573149946,0.347304640123151,-0.0284834509720768,0.162062032439239
"std_gc_bes_naturtyper_share_k10",0.29037831141746,0.170399993624043,0.244080205482093,-0.00142640638498232,0.1260798596761
"mean_gc_mapped_nature_types_share_k10",0.189707800894517,0.308170797796222,0.36278177402205,-0.0933473047287648,0.102627579647932
"std_gc_mapped_nature_types_share_k10",0.285503688077214,0.166074642126584,0.285648944095162,-0.105636745197959,0.0707216269142227
"mean_gc_industry_business_share_k10",-0.032594097842165,-0.023042570970579,-0.0144984105064045,0.425205359412367,0.0718153538145709
"std_gc_industry_business_share_k10",-0.00892244499398762,-0.0232057532190613,-0.000127021831181275,0.403653993060719,0.025272477537249
"mean_gc_built_centre_share_k10",-0.0621326325902039,-0.0286019493282309,-0.00515230010176784,0.326990722790742,0.0785822267149725
"std_gc_built_centre_share_k10",-0.0496513463654078,-0.0123706586014102,0.0035096432673823,0.205475908759277,0.122818704343899
"mean_gc_buildings_high_share_k10",0.00213935510281969,-0.0275306070798961,-0.00331265926720049,0.178463565660784,-0.0274538216195349
"std_gc_buildings_high_share_k10",0.00116818028208494,-0.0172945407005127,-0.00216417229620793,0.118372725304714,-0.0117037883188304
"mean_gc_buildings_low_share_k10",-0.0544315078262651,0.100533841410369,-0.152129291973696,0.417884539737087,0.235212393921832
"std_gc_buildings_low_share_k10",0.176256522483968,0.128232499828801,-0.0879677541237383,0.179097042032983,0.332160604703712
"mean_gc_strand_protection_share_k10",0.465132214400778,0.421651441063405,0.0677579014177116,0.00305460997091155,0.0694465014639868
"std_gc_strand_protection_share_k10",0.537702847013866,0.292804578446774,0.0803584125697727,0.0126626577220012,0.0636827128019099
"mean_gc_jordart_ml_moraeneler_share_k10",-0.347316038649906,-0.0633910922683559,-0.638874232410726,-0.224318841710467,-0.0559375204605986
"std_gc_jordart_ml_moraeneler_share_k10",0.165867595350026,0.109803586914188,-0.0952172236101161,-0.0615518227387809,0.186727817168768
"mean_gc_jordart_ms_moraensand_share_k10",-0.214973953153294,-0.0766062716451726,0.661287966307461,-0.0729514673636488,-0.0980945918190669
"std_gc_jordart_ms_moraensand_share_k10",-0.0379043015419713,0.00920480441525326,0.272694139674062,-0.039034729788314,0.0354614347234441
"mean_gc_jordart_fp_ferskvandsgytje_share_k10",-0.22480446222809,-0.136469122768429,0.195453836989628,-0.117100991417771,0.0980094365400845
"std_gc_jordart_fp_ferskvandsgytje_share_k10",-0.0189156497263209,-0.0885680058590384,0.138312545792068,-0.0633777806106524,0.231932885772381
"mean_gc_jordart_es_flyvesand_share_k10",0.652062998014753,-0.0742446968655601,0.111401723145661,0.00613911676253183,0.0208122049348348
"std_gc_jordart_es_flyvesand_share_k10",0.608898974689987,-0.0576012931687584,0.089866958942126,-0.0123914886843689,0.0095557068951188
"mean_gc_jordart_ds_smeltevandssand_share_k10",0.107621062813191,-0.0669830804024246,-0.0516155910598004,-0.00508594190693278,-0.0164680696937307
"std_gc_jordart_ds_smeltevandssand_share_k10",0.150872077583832,-0.0564370951830483,-0.0144503570946955,-0.0370347469119629,0.0321606962283148
"mean_gc_jordart_pkv_prekvartart_lag_share_k10",-0.00462003980161512,0.59559633537588,0.178240915341914,0.00913582527558065,0.0151228620036481
"std_gc_jordart_pkv_prekvartart_lag_share_k10",0.0648893127767904,0.442407434308152,0.144463271358474,0.0499652490349549,0.0549469555036279
"mean_gc_jordart_marina_sand_och_grus_ovrigt_share_k10",0.0248790138558817,0.113974643360318,-0.032914931593883,0.164224450337092,0.539458548257286
"std_gc_jordart_marina_sand_och_grus_ovrigt_share_k10",0.0696908280636424,0.155687813570036,-0.0240836455691779,0.12800528483426,0.440612591970371
"mean_gc_jordart_farskvatten_organiskt_ovrigt_share_k10",-0.01260093649309,-0.0294085106569847,0.115988038123673,-0.026681805199618,0.221037612254494
"std_gc_jordart_farskvatten_organiskt_ovrigt_share_k10",0.0252545047053321,-0.0219692738059498,0.0532587228331258,0.00191010763132443,0.215997451226845
"mean_gc_jordart_smaltvatten_ovrigt_share_k10",0.0685668826621322,-0.0263671161777596,0.0146513930288523,0.150089292180562,-0.125487519281978
"std_gc_jordart_smaltvatten_ovrigt_share_k10",0.128990761493389,0.000996778470592022,0.0452606521119996,0.0608751191595634,-0.0933536817114204
"mean_gc_jordart_ovrigt_anlagt_okant_share_k10",-0.0336259766143898,0.108983867463404,-0.000684715222445296,0.327715165339222,0.0499696472362558
"std_gc_jordart_ovrigt_anlagt_okant_share_k10",-0.000679932709015524,0.160486557813667,0.0193667289142905,0.241156665544656,0.043030005879295
"mean_gc_prekvart_gnejs_share_k10",-0.524471412440632,-0.0440358420291491,0.0815716385761821,-0.268282725510381,-0.339273772386386
"std_gc_prekvart_gnejs_share_k10",0.0057923559160756,0.256078267843314,0.0155653156966476,-0.0169825796694163,0.0214256071475365
"mean_gc_prekvart_hammer_och_almindinge_share_k10",-0.119347451493131,0.243576969049639,0.316865700723369,-0.00694910854243271,-0.0723701311645381
"std_gc_prekvart_hammer_och_almindinge_share_k10",0.0201536467828204,0.260859839428728,0.147029657852957,-0.00194711902272266,0.0479493438415471
"mean_gc_prekvart_gronne_skifre_share_k10",0.186539477068361,-0.214778620550969,-0.169574873785006,-0.124198070538336,0.368757843991779
"std_gc_prekvart_gronne_skifre_share_k10",0.204203429857163,-0.123280494194195,-0.0666182335353074,-0.100460082724177,0.20977104378358
"mean_gc_prekvart_vang_och_svaneke_gran_share_k10",-0.090825110711373,0.317078375555684,-0.128133015589628,0.00222480358643385,0.0911144117090048
"std_gc_prekvart_vang_och_svaneke_gran_share_k10",-0.00913201574266236,0.248829482242238,-0.00883012652575605,0.0446790025474587,0.112065739062198
"mean_gc_prekvart_balka_sandsten_share_k10",-0.027679293318594,-0.154841499282589,-0.115545368247795,-0.00490729668509971,0.389472646168759
"std_gc_prekvart_balka_sandsten_share_k10",0.0277912387176203,-0.103805071486593,-0.065843342058522,-0.00491484520769125,0.324836274818338
"mean_gc_prekvart_sandsten_gronsand_ovrigt_share_k10",0.0229248947274034,-0.137273687688729,-0.100314362580755,0.0777395479572401,0.200675688259053
"std_gc_prekvart_sandsten_gronsand_ovrigt_share_k10",0.0658483415530194,-0.0515621362823963,-0.0194218878167292,0.064475872893864,0.165833903154443
"mean_gc_prekvart_sedimentara_formationer_ovrigt_share_k10",0.245777999627151,-0.0694577479435924,-0.034905498268528,0.111793015150197,-0.101083034984132
"std_gc_prekvart_sedimentara_formationer_ovrigt_share_k10",0.345849169872753,-0.0489198758638576,0.0109012954877433,-0.0276822200165708,-0.078322491916938
"mean_gc_prekvart_skifrar_ovrigt_share_k10",0.446835271573284,-0.10564555517901,-0.00241961835205447,-0.155335057709936,0.0416978125389443
"std_gc_prekvart_skifrar_ovrigt_share_k10",0.459349266438449,-0.0963669150223205,0.0346363728389415,-0.145087024487808,0.0265824713730799
"mean_gc_prekvart_kristallint_ovrigt_share_k10",-0.0197485442315357,0.0277002167494734,0.0131838279501471,0.0154079149080776,-0.0647527101283122
"std_gc_prekvart_kristallint_ovrigt_share_k10",0.00202798543285996,0.0389951757762552,0.103473665238912,-0.00229803980430718,-0.0367216639418139
"mean_gc_prekvart_kalkbergarter_ovrigt_share_k10",0.135771503321031,-0.0691338009809801,-0.0420218165734612,0.00793676544275889,-0.0121628990504039
"std_gc_prekvart_kalkbergarter_ovrigt_share_k10",0.159407183568018,-0.0762954214579826,-0.0504433485893386,-0.0272085680939787,0.00463867209476274
"mean_gc_prekvart_ovrigt_stratigrafiskt_share_k10",0.249955141288827,0.00307254978420346,-0.0404831553724235,0.413688685724369,-0.0809115530142433
"std_gc_prekvart_ovrigt_stratigrafiskt_share_k10",0.328710011491944,-0.0178891333825383,-0.00688015054803225,0.2131188085884,-0.0879868568199756
"mean_gc_protected_areas_share_k10",0.423481553837878,0.120666902631412,0.116659627884024,-0.0912573977016178,0.119088800522871
"std_gc_protected_areas_share_k10",0.457699649579698,0.12020794004614,0.0826678683834497,-0.0527119429387122,0.113253601198927
"mean_gc_natura_designated_land_share_k10",0.0963911075720862,0.26468031159526,0.423172332976931,-0.0805218060831854,0.186009605803681
"std_gc_natura_designated_land_share_k10",0.192532644188262,0.175393294845569,0.323251086290078,-0.0883600293742195,0.0942727711483634
"mean_gc_natura_bird_protection_share_k10",-0.0634780421939184,-0.118478527765912,0.737436181326048,0.0881220735604483,-0.122012458316492
"std_gc_natura_bird_protection_share_k10",0.400121145001453,-0.0359473197017961,0.131610388978008,0.133566291645377,-0.179785268153868
"mean_gc_natura_habitat_areas_share_k10",-0.0582155592292576,0.0438184580224976,0.824848686406183,-0.0518596277205886,-0.02173800007969
"std_gc_natura_habitat_areas_share_k10",0.326724512938144,0.126417354427563,0.217909943667763,0.0339921137814071,-0.0403720972314919
"mean_gc_natur_vildt_reservat_share_k10",-0.0748001049951441,-0.0276923538637849,0.218082148476902,0.0200328220884101,0.316075587694942
"std_gc_natur_vildt_reservat_share_k10",-0.0327042034562373,-0.0136503567409264,0.100759509104354,0.0744978220707435,0.258409940633606
"mean_gc_aviation_approach_share_k10",0.165011307529218,-0.160226921575215,-0.10401791902747,0.416889565350325,-0.123892376772816
"std_gc_aviation_approach_share_k10",0.0820161982149484,-0.0516448928237569,-0.0225755703848058,0.192248570946354,-0.0704394731288087
"mean_gc_aviation_bird_collision_share_k10",0.158844613620781,-0.292607395503604,-0.0558760326183682,0.28374281191286,-0.224930798357565
"std_gc_aviation_bird_collision_share_k10",0.133166346466774,-0.0467071766504935,0.00886005144954772,-0.00572716119135618,-0.00918572234262228
"mean_gc_military_areas_share_k10",0.236108641442844,-0.0390769496739745,0.00211976765957137,-0.0223160034765218,-0.0702335306803818
"std_gc_military_areas_share_k10",0.224638432134981,-0.0404559359546981,-0.00442179004825328,-0.0181417263843466,-0.0569317357076026
"mean_gc_ferry_routes_length_m_k10",0.00616943248548263,-0.0273111431740262,0.00896320299430973,0.307248920338568,-0.0873219213355573
"std_gc_ferry_routes_length_m_k10",0.00679037523175586,-0.0448210867140009,0.0121658619474266,0.327332104760069,-0.0988339101561871
"mean_gc_built_low_selection_share_k10",-0.0312826942742883,0.126984468206749,-0.0888034082863779,0.473165857140029,0.231348580457531
"std_gc_built_low_selection_share_k10",0.054121992563827,0.171275077940245,-0.0550456073869051,0.257540765607595,0.268885279074665
"mean_gc_relief_flat_band_k10",0.0008650290488854,-0.458876377518372,-0.0351713984568935,-0.0356097799681165,0.258091155690795
"std_gc_relief_flat_band_k10",0.302211405531298,-0.169536596491321,0.108366173254311,0.00957119282400221,0.227141691678944
"mean_gc_relief_rolling_band_k10",-0.0826374825329314,-0.0156670957491027,-0.0112946980877461,-0.0496319231291614,-0.233971187850308
"std_gc_relief_rolling_band_k10",0.268544410782053,0.0279429240703958,0.137530614517455,0.0392718253768638,-0.00255778331710243
"mean_gc_relief_strong_band_k10",-0.0813847856161551,0.677992876561872,0.0214185122522461,-0.0542694146233274,-0.114227888734627
"std_gc_relief_strong_band_k10",0.084102175860864,0.279729100886694,0.070505552296193,0.0216461645329995,-0.0215461795243327
"mean_gc_highest_point_low_band_k10",0.606422002750592,0.0234083548028038,-0.205616117198906,0.218175342007787,0.457975894772234
"std_gc_highest_point_low_band_k10",0.332274350818309,0.166497520943649,0.00505977814020201,0.0939327344971711,0.0141055689043024
"mean_gc_highest_point_mid_band_k10",-0.283312056523769,0.141623071910862,-0.174181823582685,-0.144712397354424,-0.0921591963893312
"std_gc_highest_point_mid_band_k10",-0.0187727439619273,0.229645217834973,0.0271776972180547,-0.0416432081310203,0.0166002364638971
"mean_gc_highest_point_high_band_k10",-0.443262122499892,-0.148527743984995,0.359308810599622,-0.193345122744577,-0.295444804118293
"std_gc_highest_point_high_band_k10",-0.0470458059566321,0.0478993355168698,0.137356704814003,-0.0333470555875203,-0.0606681902151842
"mean_gc_contour_mean_elevation_m_k10",-0.725288873235755,-0.14353586553938,0.276802271179567,-0.353897157445844,-0.369500828145339
"std_gc_contour_mean_elevation_m_k10",0.223676607152454,0.450021446316509,0.141421113577148,-0.00534350425360506,0.08819552864631
"mean_gc_contour_mean_slope_deg_k10",-0.0984113686935431,0.831537419100805,0.0475080202923262,-0.105676783741998,-0.157683128081518
"std_gc_contour_mean_slope_deg_k10",0.300016239566312,0.433251790050921,0.168586067345152,0.0529260897805879,0.0253795516295596
"mean_gc_contour_valley_depth_max_m_k10",0.0129385811810152,0.674048183760343,0.111365650237094,-0.056723983135223,-0.121380471274458
"std_gc_contour_valley_depth_max_m_k10",0.232141724146125,0.395208895066956,0.153931247973294,0.0372175943251595,-0.0207948890045053
"mean_gc_high_agri_plateau_proxy_k10",-0.559233801859419,-0.140783592524522,-0.209329691742586,-0.279351681442602,-0.328427905021021
"std_gc_high_agri_plateau_proxy_k10",-0.113046960011831,0.0471998091279103,0.158998709539875,-0.0729902480488765,-0.0293583445653419
"mean_gc_fastboende_count_k50",-0.0688030741843655,0.0084567008684572,-0.068710495651039,0.701050656308805,0.172192914814034
"std_gc_fastboende_count_k50",-0.0394092503546237,0.0407302981721922,-0.0881107572882332,0.712020616600375,0.209487206762078
"mean_gc_roads_medium_length_m_k50",-0.205379776769722,-0.0351277637557316,-0.166121588506303,0.371472307079925,0.193787958262528
"std_gc_roads_medium_length_m_k50",-0.203953899394521,-0.0406945125044704,-0.20568810687262,0.250794386882175,0.223055707938846
"mean_gc_roads_large_length_m_k50",-0.068400153206241,0.135739211537742,-0.185232700994052,0.421767823905598,0.305312200107037
"std_gc_roads_large_length_m_k50",0.0129123385443328,0.128470704629862,-0.215335074256089,0.27906157725838,0.30870743255217
"mean_gc_ecology_connectivity_share_k50",0.118178060185695,0.19729497854535,0.720066938193028,-0.172928555212258,-0.131531434178986
"std_gc_ecology_connectivity_share_k50",0.310997395384421,0.177933292584705,-0.0613079387534037,-0.116395779465893,-0.0569715753825192
"mean_gc_cultural_historical_conservation_share_k50",-0.0572554287070511,-0.00223193010369141,-0.110648524364608,0.00193361750746731,0.0299153969419036
"std_gc_cultural_historical_conservation_share_k50",-0.0528381797979003,-0.00822661594128792,-0.1266948960686,0.00307733806992795,0.0463522650239115
"mean_gc_fredskov_share_k50",-0.0790024127180607,0.0250866981286731,0.774928506543109,-0.0470411227438501,-0.156111234638157
"std_gc_fredskov_share_k50",0.157267169945694,0.174232091278552,0.384630747377308,-0.0424466454434347,-0.165306568294854
"mean_gc_agricultural_land_share_k50",-0.391455250889698,-0.141171041506458,-0.593085663197092,-0.431481387044948,0.0348321590601811
"std_gc_agricultural_land_share_k50",0.0631111237234995,0.280793502331006,0.0478163381588486,-0.164750590635364,0.11200351240342
"mean_gc_relief_m_k50",-0.0579731014583075,0.893616659844209,0.0711150568188396,-0.0832481612378234,-0.190252388882973
"std_gc_relief_m_k50",0.129184102321971,0.728568271676307,0.097435538913385,-0.00533854910223192,-0.135015203104813
"mean_gc_protected_watercourses_length_m_k50",0.104680564129002,0.0785786465107198,-0.0538392478110551,-0.149147556886684,-0.0126569791449001
"std_gc_protected_watercourses_length_m_k50",0.131670494947028,0.0908003747751624,-0.0607536932952282,-0.154790020763384,0.00542957968754609
"mean_gc_lake_share_k50",-0.0215952865952827,0.0513466267892178,0.27358075089452,0.0434508625426307,0.0143982494096357
"std_gc_lake_share_k50",0.0286451057038219,0.0509444130423477,0.252798278796275,0.0682305556230946,0.0441761333395415
"mean_gc_wetland_share_k50",-0.125719995650185,-0.0460707622556558,0.348584460440745,-0.0457318103207595,0.301836372426082
"std_gc_wetland_share_k50",-0.128742845718868,-0.0641925758369785,0.382498039734292,-0.0600560009873126,0.315842377247136
"mean_gc_moor_hede_share_k50",0.437181072173512,0.281208635966225,0.239108560139217,-0.0594013391713513,0.0509158222282923
"std_gc_moor_hede_share_k50",0.5620943857891,0.211310472524068,0.22714463758018,-0.0577119216892908,0.0352837571686215
"mean_gc_forest_share_k50",0.0747198725721046,0.0306815946989901,0.798609669949498,-0.109352292299182,-0.141163171195994
"std_gc_forest_share_k50",0.371204538727135,0.123764809453559,0.422932192012972,-0.123949118207026,-0.0732821258484099
"mean_gc_coastal_zone_share_k50",0.405804557841968,0.397288568586678,-0.275036256119663,0.134151787536377,0.202117737956184
"std_gc_coastal_zone_share_k50",0.491829795864972,0.205653608210173,-0.0315699610024108,0.188413381778685,0.0148267176518369
"mean_gc_coastline_length_m_k50",0.388503990409649,0.459051949279142,0.0145421491456196,0.171187912509404,0.142319738079701
"std_gc_coastline_length_m_k50",0.424311396773985,0.473417476389605,0.00783261943272914,0.187579281582292,0.155177215504061
"mean_gc_valuable_cultural_environment_share_k50",0.172056072185228,0.170245861387785,0.108103221691546,0.217733373357274,0.193910696322249
"std_gc_valuable_cultural_environment_share_k50",0.257768838113868,0.124162475048332,-0.0156543227200348,0.27946976995787,0.184312277288139
"mean_gc_highest_point_m_k50",-0.723650343485105,-0.0315710594995581,0.280350116099351,-0.35962084991529,-0.398068638866407
"std_gc_highest_point_m_k50",0.0534245947977,0.529778703278124,0.072293898726573,-0.0230223289346972,0.0501270938631809
"mean_gc_river_length_m_k50",-0.21637657609374,-0.178955728948005,0.579332101293473,-0.147904975161796,0.00836178385638112
"std_gc_river_length_m_k50",-0.150344892726881,-0.169131592359493,0.441525571999345,-0.164056389756308,0.0392601436272587
"mean_gc_sand_dune_share_k50",0.574071731627205,-0.0465147406537669,0.123513535764449,-0.0849515837577107,0.0171733978436196
"std_gc_sand_dune_share_k50",0.66281460947212,-0.0436789763509863,0.129478750820752,-0.0446696569045716,0.0333726847742096
"mean_gc_bes_naturtyper_share_k50",0.191368913138597,0.331693240735927,0.451448856519506,-0.0354146358534532,0.1723123093183
"std_gc_bes_naturtyper_share_k50",0.258788738859946,0.256255865638801,0.421534446111006,-0.0219224181364824,0.121969802971925
"mean_gc_mapped_nature_types_share_k50",0.227851400162987,0.321853885058158,0.410946425256359,-0.108136823649732,0.10354262437755
"std_gc_mapped_nature_types_share_k50",0.303960943433329,0.253963252831392,0.428196498971281,-0.141648310545206,0.089656811717711
"mean_gc_industry_business_share_k50",-0.0263699614685631,-0.0456149959718651,-0.0145041502966019,0.616887974029164,0.0408238774543672
"std_gc_industry_business_share_k50",-0.00775330654734876,-0.0570078818010785,-0.0106031113766557,0.655592153218195,0.0225234393614856
"mean_gc_built_centre_share_k50",-0.0741588498396378,-0.0406359150593655,-0.00192832431615137,0.457115674073159,0.0837074792972496
"std_gc_built_centre_share_k50",-0.0743463896500365,-0.0438036464521326,0.000157074341618204,0.488953393483861,0.093306424669216
"mean_gc_buildings_high_share_k50",0.0139601111645029,-0.0400230788202054,-0.00110486115864089,0.295216795165719,-0.0461076837271792
"std_gc_buildings_high_share_k50",0.01551550082703,-0.0424305382170722,-0.000704213324049995,0.32328375490828,-0.0468351468950726
"mean_gc_buildings_low_share_k50",-0.0216267639686942,0.128316856810991,-0.163927420281066,0.544558789625228,0.291342612958251
"std_gc_buildings_low_share_k50",0.0849840352136981,0.174458094611812,-0.18888208044437,0.458112040449351,0.333706980020671
"mean_gc_strand_protection_share_k50",0.615182627102647,0.414655915227294,0.0757515327802543,0.0287735943656714,0.0323838063878861
"std_gc_strand_protection_share_k50",0.650161260675708,0.370252595072197,0.0523886001802971,0.0816715450813438,0.0349120094859154
"mean_gc_jordart_ml_moraeneler_share_k50",-0.365221660882863,-0.0361326359548958,-0.689340365647246,-0.243351329546422,-0.0696806986337337
"std_gc_jordart_ml_moraeneler_share_k50",0.044512874110903,0.17484454931001,-0.224483991718665,-0.0891337077262619,0.125305503245523
"mean_gc_jordart_ms_moraensand_share_k50",-0.22798599215807,-0.0834386430309374,0.697910093416707,-0.0754910955330291,-0.106271235587732
"std_gc_jordart_ms_moraensand_share_k50",-0.182527460200592,-0.0279917006894027,0.391104125713885,-0.0988684261932219,-0.0303981274445599
"mean_gc_jordart_fp_ferskvandsgytje_share_k50",-0.292947281534406,-0.1743793533662,0.250895736227922,-0.148825962232498,0.130082524890955
"std_gc_jordart_fp_ferskvandsgytje_share_k50",-0.256147678856214,-0.177743610109246,0.132863484222731,-0.165566532019005,0.22254201933776
"mean_gc_jordart_es_flyvesand_share_k50",0.770080883275875,-0.0937232212056498,0.126344538187016,0.0318432074455366,-0.0135511222759793
"std_gc_jordart_es_flyvesand_share_k50",0.755382763515332,-0.0723480129881506,0.0999194865838548,0.142403983164566,-0.0185850138954534
"mean_gc_jordart_ds_smeltevandssand_share_k50",0.135351323691699,-0.0680397486990763,-0.0598104348111994,-0.000904268785005292,-0.0118430094199157
"std_gc_jordart_ds_smeltevandssand_share_k50",0.126692348584101,-0.0558702052258832,-0.0427586423852266,-0.0191346497379457,-0.0180613695023645
"mean_gc_jordart_pkv_prekvartart_lag_share_k50",0.0136720546354269,0.687600419931579,0.216340969014208,0.0278007007706424,0.00748546665806624
"std_gc_jordart_pkv_prekvartart_lag_share_k50",0.0272898454570656,0.640942170894189,0.167378092604208,0.0734413454880195,-0.0148271590136633
"mean_gc_jordart_marina_sand_och_grus_ovrigt_share_k50",0.0281788902922954,0.105045389918028,-0.0338338908148816,0.193619378695598,0.617927361018149
"std_gc_jordart_marina_sand_och_grus_ovrigt_share_k50",0.0868930479067542,0.197962554069614,-0.0603282868815091,0.182608397677,0.592321929755658
"mean_gc_jordart_farskvatten_organiskt_ovrigt_share_k50",-0.0236633340189434,-0.0350488692214419,0.162084075738688,-0.0345399394207873,0.283148111536753
"std_gc_jordart_farskvatten_organiskt_ovrigt_share_k50",-0.0186533101737737,-0.041243378792815,0.156863044098264,-0.0174211285922354,0.345279591665452
"mean_gc_jordart_smaltvatten_ovrigt_share_k50",0.109530865587867,-0.0339059177984887,0.0227201779250887,0.198514748385175,-0.167843775330803
"std_gc_jordart_smaltvatten_ovrigt_share_k50",0.137806132903254,-0.0171928360255366,0.0310103996268653,0.1633619937133,-0.200003105285727
"mean_gc_jordart_ovrigt_anlagt_okant_share_k50",-0.0405389378483691,0.0997481038492034,0.00221755210461105,0.445014519734409,0.0346347150208158
"std_gc_jordart_ovrigt_anlagt_okant_share_k50",-0.0244302934547709,0.159145165484762,0.0159482833719214,0.477924488570309,0.0354601137554676
"mean_gc_prekvart_gnejs_share_k50",-0.534372567315611,-0.033859417348214,0.0812114696193447,-0.274107979418621,-0.346685300080726
"std_gc_prekvart_gnejs_share_k50",-0.110971988970106,0.183417770838023,-0.0208113618541508,-0.0411617389304085,-0.0521228008553209
"mean_gc_prekvart_hammer_och_almindinge_share_k50",-0.121202896746736,0.255807433376951,0.320605266147722,-0.00466106979604611,-0.0709435249125241
"std_gc_prekvart_hammer_och_almindinge_share_k50",-0.0797439159970919,0.201263218838201,0.142271369035158,-0.0274894810957759,-0.0151660157238244
"mean_gc_prekvart_gronne_skifre_share_k50",0.196231003002312,-0.225139166650404,-0.175645322921748,-0.128460654717566,0.397732234420656
"std_gc_prekvart_gronne_skifre_share_k50",0.254538468478395,-0.190335543431373,-0.129226800482433,-0.132845632450479,0.323312422753482
"mean_gc_prekvart_vang_och_svaneke_gran_share_k50",-0.0922691899458357,0.340719149636213,-0.127281520840195,0.00348393454679131,0.0946948852096179
"std_gc_prekvart_vang_och_svaneke_gran_share_k50",-0.0674327900009711,0.33175931270516,-0.034452107249572,0.0180916414002713,0.0933845078441291
"mean_gc_prekvart_balka_sandsten_share_k50",-0.028503590229554,-0.166148528578663,-0.122836222325497,0.000210741034886171,0.428025008670597
"std_gc_prekvart_balka_sandsten_share_k50",0.0250265588472438,-0.182493963334493,-0.127259174955974,-0.0178794021416135,0.461540159086693
"mean_gc_prekvart_sandsten_gronsand_ovrigt_share_k50",0.0353856775794717,-0.144353478759847,-0.103804857520297,0.0923583572505843,0.209900942953071
"std_gc_prekvart_sandsten_gronsand_ovrigt_share_k50",0.104059063472383,-0.142090180613491,-0.073459186925312,0.116920412732344,0.170831042606507
"mean_gc_prekvart_sedimentara_formationer_ovrigt_share_k50",0.309104984267068,-0.0809474978024447,-0.0316112901219286,0.120878782420688,-0.12073007323599
"std_gc_prekvart_sedimentara_formationer_ovrigt_share_k50",0.385951838926719,-0.0892595481143014,-0.0272787609636891,0.066562094735328,-0.114923843248686
"mean_gc_prekvart_skifrar_ovrigt_share_k50",0.514539391671735,-0.115775006320863,0.00452291065706751,-0.173326817549715,0.0414220920608312
"std_gc_prekvart_skifrar_ovrigt_share_k50",0.569359757643655,-0.134860159779422,0.00533407080961244,-0.181587521236243,0.0449393903960557
"mean_gc_prekvart_kristallint_ovrigt_share_k50",-0.0218494170373886,0.0308881943547941,0.0149704629118708,0.0226440918084192,-0.0753930394565966
"std_gc_prekvart_kristallint_ovrigt_share_k50",-0.0260188729532791,0.0266463348203723,0.052427458361247,0.016221930984008,-0.086689365864227
"mean_gc_prekvart_kalkbergarter_ovrigt_share_k50",0.214421654883784,-0.100740191350089,-0.0564009438819356,0.0126158806135669,-0.020531185822878
"std_gc_prekvart_kalkbergarter_ovrigt_share_k50",0.250153008490123,-0.11074726136685,-0.0580692745912453,0.00601873419268033,-0.0209067629998051
"mean_gc_prekvart_ovrigt_stratigrafiskt_share_k50",0.322777567703571,-0.0102823876401526,-0.0307721417592319,0.510224224515197,-0.124069754803279
"std_gc_prekvart_ovrigt_stratigrafiskt_share_k50",0.446774428958561,-0.0523225338627859,-0.0268998639283103,0.401150471569352,-0.178439804395543
"mean_gc_protected_areas_share_k50",0.539226117243326,0.111296706049568,0.143354395869701,-0.110942777513499,0.121072401437179
"std_gc_protected_areas_share_k50",0.5042036818132,0.187675666552746,0.102709968057787,-0.0315686089768307,0.15592686028385
"mean_gc_natura_designated_land_share_k50",0.122534765734997,0.289959740649571,0.493394399007708,-0.0952636379615503,0.199204176135295
"std_gc_natura_designated_land_share_k50",0.154788676323584,0.22082603392123,0.560303795177539,-0.120829920850577,0.168396746071619
"mean_gc_natura_bird_protection_share_k50",-0.139732959245927,-0.124321377339013,0.792729995176861,0.0351025702542651,-0.0857117331322318
"std_gc_natura_bird_protection_share_k50",0.255796167069857,-0.0683651431273549,0.322927133530654,0.202437082704979,-0.222455980492304
"mean_gc_natura_habitat_areas_share_k50",-0.0589552493180324,0.0416463327687206,0.848893272868515,-0.0785682027665221,-0.0103333089683357
"std_gc_natura_habitat_areas_share_k50",0.207214916543144,0.134691050409125,0.410257854553902,-0.016189140788191,-0.0531754000013461
"mean_gc_natur_vildt_reservat_share_k50",-0.0928843977632082,-0.0378254502013302,0.260789955167177,0.00990807534423508,0.340850915053896
"std_gc_natur_vildt_reservat_share_k50",-0.0831254629268703,-0.0422354597273165,0.232369787172402,0.050153096722045,0.3651881201493
"mean_gc_aviation_approach_share_k50",0.169685207536659,-0.161725460105246,-0.103095837527896,0.429265476971987,-0.129399631177468
"std_gc_aviation_approach_share_k50",0.0900356650081144,-0.0941077945382986,-0.0632364232034777,0.168194320506376,-0.0628837414025154
"mean_gc_aviation_bird_collision_share_k50",0.159617343741529,-0.293184865223998,-0.05561994057043,0.287073650589205,-0.225597484964894
"std_gc_aviation_bird_collision_share_k50",0.0561457851198001,-0.0906093808777525,0.0924335610510513,-0.0302042732747587,-0.0513093947088139
"mean_gc_military_areas_share_k50",0.30362264061858,-0.0532793004111245,0.00658762494091643,-0.0401034646130749,-0.0843648617288148
"std_gc_military_areas_share_k50",0.327674792852427,-0.0583135197076818,-0.00739345334145119,-0.0311196108810845,-0.0882499573981849
"mean_gc_ferry_routes_length_m_k50",0.0127738545075251,-0.0538156670735439,0.0155959611050657,0.413720514518719,-0.127659797570337
"std_gc_ferry_routes_length_m_k50",0.0133810887538377,-0.0568680352938472,0.0168161153361142,0.443391232521148,-0.133065824033559
"mean_gc_built_low_selection_share_k50",-0.00948398241007067,0.148591711807459,-0.0955219288651425,0.583475305575788,0.277010560511404
"std_gc_built_low_selection_share_k50",0.0428669582565067,0.205916167510532,-0.11467542186576,0.52781086676001,0.325168100814628
"mean_gc_relief_flat_band_k50",0.0140985308260843,-0.603682959959781,-0.0442241750532714,-0.0396356745920544,0.336652020787748
"std_gc_relief_flat_band_k50",0.159382027395915,-0.480463343708477,0.0328857344797494,-0.0268312459080031,0.20008140761213
"mean_gc_relief_rolling_band_k50",-0.0654995159221815,-0.0404709944128327,0.00427235525812934,-0.0403107612746365,-0.377893926937372
"std_gc_relief_rolling_band_k50",0.095092312006903,-0.00510843664295087,0.0425696899141898,-0.0236745069331575,-0.322053565386657
"mean_gc_relief_strong_band_k50",-0.0775703130560536,0.823045520618606,0.0171586730688942,-0.0512786388203913,-0.140189249991193
"std_gc_relief_strong_band_k50",-0.0408087936544556,0.451356953944952,-0.0108149905847218,-0.0428912992683739,-0.268492841925197
"mean_gc_highest_point_low_band_k50",0.682875360984228,-0.00855705084917104,-0.199100628295387,0.267715749771417,0.442677997139548
"std_gc_highest_point_low_band_k50",0.34895519628387,0.266296432455753,-0.0731188141722235,0.194230057252868,-0.00206997500308667
"mean_gc_highest_point_mid_band_k50",-0.30554123036572,0.183590618301985,-0.187668584060528,-0.15546883039884,-0.105170790269684
"std_gc_highest_point_mid_band_k50",-0.1692310281785,0.331311394011829,-0.0461716263805574,-0.111535485158383,-0.096622981455612
"mean_gc_highest_point_high_band_k50",-0.46536418237547,-0.15700953452314,0.372861057689413,-0.20414372643404,-0.308439672297451
"std_gc_highest_point_high_band_k50",-0.216151880530807,0.11000547930195,0.0828241679717269,-0.122517178544299,-0.200556431510436
"mean_gc_contour_mean_elevation_m_k50",-0.72711263973388,-0.124370943399288,0.279039126876643,-0.355187976294679,-0.380581986908589
"std_gc_contour_mean_elevation_m_k50",0.0106310995527672,0.787723603418088,-0.0235457340354389,-0.0635747810250456,-0.0837716316694727
"mean_gc_contour_mean_slope_deg_k50",-0.0782928527432715,0.897312608772833,0.0530153365543705,-0.0905132745026016,-0.189877727453473
"std_gc_contour_mean_slope_deg_k50",0.0979376390263012,0.705715189807577,0.103718756175027,-0.0116517426630029,-0.152488446628852
"mean_gc_contour_valley_depth_max_m_k50",0.0371560733021821,0.770920723507744,0.140045483205012,-0.043683134048563,-0.18297151927427
"std_gc_contour_valley_depth_max_m_k50",0.0614406116032944,0.705640491719815,0.0747046508662723,-0.0327805365591779,-0.212726708808314
"mean_gc_high_agri_plateau_proxy_k50",-0.59411133478901,-0.123313091599108,-0.196770254445736,-0.298062696215445,-0.35280481190837
"std_gc_high_agri_plateau_proxy_k50",-0.479535964162273,0.141248855719846,0.201010014267247,-0.24942895974365,-0.272880367383864
"mean_gc_fastboende_count_k100",-0.0542711636838779,0.00127306202838018,-0.0623628688877797,0.785669978532089,0.155715153222337
"std_gc_fastboende_count_k100",-0.00984762947548341,0.0288193434337225,-0.0791324850747694,0.826006327784329,0.168618434595511
"mean_gc_roads_medium_length_m_k100",-0.211246312234213,-0.0331054232156855,-0.175881222103519,0.479574101737388,0.204954327729748
"std_gc_roads_medium_length_m_k100",-0.195275688193329,-0.019872695707928,-0.205905216808307,0.392720865309004,0.239357733650197
"mean_gc_roads_large_length_m_k100",-0.040512675385844,0.140185061784253,-0.19363989488222,0.527243567361791,0.321644144139137
"std_gc_roads_large_length_m_k100",0.0637427819250287,0.143222650390229,-0.229927328422287,0.374479783543182,0.307729220743902
"mean_gc_ecology_connectivity_share_k100",0.12713251930311,0.192724366261454,0.744476446546889,-0.172955335846886,-0.143853326686501
"std_gc_ecology_connectivity_share_k100",0.324097452276596,0.187289608406098,-0.0364379189104821,-0.119640209329652,-0.05845359392491
"mean_gc_cultural_historical_conservation_share_k100",-0.0659097047440916,-0.0011649100067151,-0.130438607951798,0.00677349725563068,0.0372857838525743
"std_gc_cultural_historical_conservation_share_k100",-0.0580212262852201,-0.00795097936507135,-0.152447379564436,0.00712713999649982,0.0577014998908955
"mean_gc_fredskov_share_k100",-0.0671368092870791,0.0240991292013922,0.794062820292519,-0.042366254687985,-0.165270686292383
"std_gc_fredskov_share_k100",0.154662039689571,0.165057312423715,0.477184039460691,-0.038007537694066,-0.184563547048225
"mean_gc_agricultural_land_share_k100",-0.396368937021962,-0.127511914738944,-0.607884279364836,-0.46352640770892,0.0310660741339707
"std_gc_agricultural_land_share_k100",0.134094442437216,0.325408354088685,0.128925311187567,-0.157031125750187,0.136466997279147
"mean_gc_relief_m_k100",-0.066107252737294,0.914115698035994,0.071663473970416,-0.0741719460297922,-0.199706571359359
"std_gc_relief_m_k100",0.103612321749091,0.771106867669019,0.102601141244415,0.0115972662594561,-0.154873249182145
"mean_gc_protected_watercourses_length_m_k100",0.146365297923401,0.0838500261622279,-0.0594501088398006,-0.166464128080317,-0.0252511619089715
"std_gc_protected_watercourses_length_m_k100",0.19164533439629,0.0933166346512585,-0.0605645368148892,-0.174274096188042,0.00902489758687335
"mean_gc_lake_share_k100",-0.0197464777300073,0.0678790140445746,0.33080617098488,0.0512301670457182,0.00610732691732852
"std_gc_lake_share_k100",0.0410920045927327,0.0723401464877294,0.307410764274801,0.0866578733291288,0.055468650715535
"mean_gc_wetland_share_k100",-0.137534483400052,-0.0578517552182163,0.385195772660935,-0.0497543481973384,0.321708218063155
"std_gc_wetland_share_k100",-0.150689515699207,-0.0882888886729681,0.448437745723513,-0.0697627096603879,0.343674685573017
"mean_gc_moor_hede_share_k100",0.452265576338778,0.298719403573036,0.249139032973148,-0.0533596685671187,0.043294887559032
"std_gc_moor_hede_share_k100",0.583230824075185,0.244131982000505,0.248566216952909,-0.0401351506917914,0.0335650127880642
"mean_gc_forest_share_k100",0.103995476378758,0.0271797640790327,0.824764777859673,-0.108828038725925,-0.153818129684125
"std_gc_forest_share_k100",0.38842170447141,0.118257526043035,0.524993082235917,-0.122600766481953,-0.0946453075602807
"mean_gc_coastal_zone_share_k100",0.444241167670061,0.407082372608467,-0.271915754346959,0.162192120754908,0.191646024632895
"std_gc_coastal_zone_share_k100",0.48231708723264,0.194913444647604,-0.0602425464906919,0.202779993549854,0.00548558049673862
"mean_gc_coastline_length_m_k100",0.400789039445551,0.491253764104426,0.0117232009976884,0.194844353989216,0.156506466790325
"std_gc_coastline_length_m_k100",0.427147119816697,0.508720403433319,-0.000311871415287016,0.213559104261469,0.174746333588896
"mean_gc_valuable_cultural_environment_share_k100",0.199415394685093,0.163316697562296,0.113969784733992,0.260720284232197,0.19271195685973
"std_gc_valuable_cultural_environment_share_k100",0.303647852908832,0.0941221345391983,-0.0168786301958108,0.350869871470821,0.189327569475787
"mean_gc_highest_point_m_k100",-0.724631509187279,-0.0200482149792899,0.279893273678617,-0.360429622885233,-0.402174699124352
"std_gc_highest_point_m_k100",0.0316170659583786,0.597460486582341,0.0743107590295572,-0.0181798177796957,0.0688982322088516
"mean_gc_river_length_m_k100",-0.217271203350799,-0.192046770180058,0.623787163141624,-0.1609964925806,0.00443694211156116
"std_gc_river_length_m_k100",-0.139514571970898,-0.196965517429923,0.504469223288674,-0.177232653851464,0.0394196123617972
"mean_gc_sand_dune_share_k100",0.586844309601127,-0.0504458851148579,0.126088801672601,-0.0859187142550311,0.0275504717001122
"std_gc_sand_dune_share_k100",0.679153574128418,-0.043219235432428,0.134280250909783,-0.0347936879921991,0.0524976735820268
"mean_gc_bes_naturtyper_share_k100",0.201000024393454,0.347416388953418,0.501845649453108,-0.0340120179294897,0.172982284601681
"std_gc_bes_naturtyper_share_k100",0.269729669031111,0.267696976193405,0.477008502523518,-0.00849153347524725,0.127960969753934
"mean_gc_mapped_nature_types_share_k100",0.221799250473877,0.347335494032804,0.440813427610997,-0.107396110832215,0.111634269745926
"std_gc_mapped_nature_types_share_k100",0.304614037716218,0.286163577415011,0.456519075562284,-0.142288253430469,0.100033986557795
"mean_gc_industry_business_share_k100",-0.0175923055759609,-0.0530639190487031,-0.0134613284756675,0.682250470617854,0.0347056314794849
"std_gc_industry_business_share_k100",0.00793916397027355,-0.0516771797426977,-0.0132960696381814,0.700096742903599,0.0420413546298778
"mean_gc_built_centre_share_k100",-0.0698491775411313,-0.0546440827040595,0.00430606119423312,0.549463643176709,0.0579257887985617
"std_gc_built_centre_share_k100",-0.0662953935167002,-0.0642199137908,0.0094939338058873,0.606319064778011,0.0623966089366674
"mean_gc_buildings_high_share_k100",0.0296924966581426,-0.052126751177719,-0.000655213323532369,0.37796589290519,-0.0686074083995186
"std_gc_buildings_high_share_k100",0.0340138727618293,-0.0564662421667604,0.000797624789635003,0.413768800611046,-0.0746577839446912
"mean_gc_buildings_low_share_k100",0.00267849877677938,0.129725775406543,-0.162944770099149,0.608106321103604,0.298102788705577
"std_gc_buildings_low_share_k100",0.125863428396438,0.182633183138973,-0.178950104925869,0.558566480144426,0.323389058694845
"mean_gc_strand_protection_share_k100",0.648196737893749,0.417867164490371,0.0731789992041995,0.0487228687142002,0.0194926037190018
"std_gc_strand_protection_share_k100",0.669199248107774,0.39827290726743,0.0455198813459322,0.111743108649165,0.0440496385789698
"mean_gc_jordart_ml_moraeneler_share_k100",-0.363930339701006,-0.0163007435398451,-0.709774980440907,-0.254439556317845,-0.0730902204942013
"std_gc_jordart_ml_moraeneler_share_k100",0.0882218195368832,0.18773310186278,-0.229424204918933,-0.0706526775096197,0.14983568596722
"mean_gc_jordart_ms_moraensand_share_k100",-0.23216686128358,-0.0881293798456495,0.708984381112499,-0.0772577864943396,-0.107650264300772
"std_gc_jordart_ms_moraensand_share_k100",-0.198035574713874,-0.0365873848482713,0.418276389536096,-0.106765296147333,-0.0490846587005945
"mean_gc_jordart_fp_ferskvandsgytje_share_k100",-0.329719759178006,-0.191870783798408,0.290316014762141,-0.161244781637926,0.150503564475667
"std_gc_jordart_fp_ferskvandsgytje_share_k100",-0.280772845244239,-0.206720270125088,0.159350116683649,-0.185243421544686,0.26675862357707
"mean_gc_jordart_es_flyvesand_share_k100",0.804769471846422,-0.0984140672077483,0.133669031694677,0.0526686619436728,-0.036511654277013
"std_gc_jordart_es_flyvesand_share_k100",0.779522558072769,-0.0804010936349954,0.100018270751379,0.187763548751219,-0.0109175547065086
"mean_gc_jordart_ds_smeltevandssand_share_k100",0.157936455485212,-0.0759692307176224,-0.066416831589381,0.00529684792894356,-0.0130152278382432
"std_gc_jordart_ds_smeltevandssand_share_k100",0.161787423177046,-0.0616268732172486,-0.0492825629594112,-0.00482859520590201,-0.0203612245350337
"mean_gc_jordart_pkv_prekvartart_lag_share_k100",0.00912954350727283,0.719697202734278,0.228592812892646,0.0282919396615742,0.0020200200635848
"std_gc_jordart_pkv_prekvartart_lag_share_k100",0.0210310828736053,0.683182296177577,0.167946425492521,0.0881976951137362,-0.0183810989925664
"mean_gc_jordart_marina_sand_och_grus_ovrigt_share_k100",0.0300000763958979,0.0864228618737713,-0.0350109872673248,0.200686373450079,0.653485927018741
"std_gc_jordart_marina_sand_och_grus_ovrigt_share_k100",0.101369088669833,0.190039455436771,-0.073909943603616,0.180473150690098,0.629554350674161
"mean_gc_jordart_farskvatten_organiskt_ovrigt_share_k100",-0.0273549471003098,-0.0378690458950133,0.196622085869243,-0.0391725899998201,0.323242481285491
"std_gc_jordart_farskvatten_organiskt_ovrigt_share_k100",-0.0190011217032903,-0.045527015090221,0.195506862141691,-0.0224471471193404,0.407071031129303
"mean_gc_jordart_smaltvatten_ovrigt_share_k100",0.136052142431406,-0.0351684798838555,0.024389022253744,0.237506965431339,-0.197340910394312
"std_gc_jordart_smaltvatten_ovrigt_share_k100",0.161174258309587,-0.015571452907513,0.0312676519501842,0.202797893459524,-0.23426747652208
"mean_gc_jordart_ovrigt_anlagt_okant_share_k100",-0.0355562417061644,0.0761701693433786,0.00631243438192327,0.552145219922822,-0.000201183375885485
"std_gc_jordart_ovrigt_anlagt_okant_share_k100",-0.0154700985144364,0.140905147942097,0.0217178513770535,0.591862071868271,-0.000684111779493615
"mean_gc_prekvart_gnejs_share_k100",-0.538939626045767,-0.0272298966434315,0.0808112283232268,-0.276341393392461,-0.348409747478669
"std_gc_prekvart_gnejs_share_k100",-0.136057863930003,0.175721551116616,-0.0241809980003297,-0.0397928267498555,-0.0590999361350261
"mean_gc_prekvart_hammer_och_almindinge_share_k100",-0.12173380937344,0.26077596455706,0.321469530908462,-0.00452501620567611,-0.0699167582750156
"std_gc_prekvart_hammer_och_almindinge_share_k100",-0.0954479061248109,0.207833552031258,0.177397376610942,-0.0306604335028318,-0.0188413729805724
"mean_gc_prekvart_gronne_skifre_share_k100",0.215980195597874,-0.230298882255985,-0.17674949977737,-0.134276900497934,0.409630698674007
"std_gc_prekvart_gronne_skifre_share_k100",0.312028770690734,-0.212611893659379,-0.140858746802439,-0.153281006361652,0.358801643402995
"mean_gc_prekvart_vang_och_svaneke_gran_share_k100",-0.0917425751609309,0.349373872833471,-0.125762390056895,0.00404506242222676,0.0969657574635224
"std_gc_prekvart_vang_och_svaneke_gran_share_k100",-0.0785212610131678,0.371134551791784,-0.034541427305942,0.0127465875067644,0.0950748200870506
"mean_gc_prekvart_balka_sandsten_share_k100",-0.0234468035692381,-0.175226280280096,-0.128902253185021,-0.000484048236740982,0.450622679226507
"std_gc_prekvart_balka_sandsten_share_k100",0.0438009573252656,-0.204390013197241,-0.143129842081384,-0.0186300821952973,0.506518312855521
"mean_gc_prekvart_sandsten_gronsand_ovrigt_share_k100",0.0446089642466561,-0.149539944298316,-0.108198536305497,0.10171704416115,0.210189703122531
"std_gc_prekvart_sandsten_gronsand_ovrigt_share_k100",0.118700103950996,-0.158100003154732,-0.0813540729816524,0.136474309391203,0.183895016381804
"mean_gc_prekvart_sedimentara_formationer_ovrigt_share_k100",0.33144393365812,-0.086216484815217,-0.0343250910219055,0.126613009679004,-0.13004476041319
"std_gc_prekvart_sedimentara_formationer_ovrigt_share_k100",0.415436323431035,-0.105111446976274,-0.0399458398307694,0.109374619590189,-0.132598110388005
"mean_gc_prekvart_skifrar_ovrigt_share_k100",0.54183826834992,-0.120653646610429,0.00452685618681468,-0.178882933108775,0.0392003759031162
"std_gc_prekvart_skifrar_ovrigt_share_k100",0.626042226238208,-0.151252330496209,-0.00213034099624987,-0.198693553885267,0.0510457744953299
"mean_gc_prekvart_kristallint_ovrigt_share_k100",-0.0248606259218249,0.0328369655858924,0.0148493596570874,0.0293393696085896,-0.0804255718026708
"std_gc_prekvart_kristallint_ovrigt_share_k100",-0.0293517052089073,0.0256833486650796,0.044434424824656,0.0278646936772545,-0.0944533089821046
"mean_gc_prekvart_kalkbergarter_ovrigt_share_k100",0.261146882254444,-0.113152237354677,-0.0568190195753878,0.0195387306759137,-0.0329724583120938
"std_gc_prekvart_kalkbergarter_ovrigt_share_k100",0.316762404113576,-0.126682916532405,-0.0558198169570916,0.0132675201633288,-0.0371503997583907
"mean_gc_prekvart_ovrigt_stratigrafiskt_share_k100",0.345713929109727,-0.0278872191592648,-0.0260815665923429,0.577184216715871,-0.149651062205634
"std_gc_prekvart_ovrigt_stratigrafiskt_share_k100",0.483978375178784,-0.0714335881237821,-0.033701402190086,0.439153667958857,-0.188399947362101
"mean_gc_protected_areas_share_k100",0.58569211247692,0.0998591915551839,0.154826872746479,-0.113262623704776,0.113669230919269
"std_gc_protected_areas_share_k100",0.533716512872809,0.199894837235427,0.110375016573892,-0.007686835170506,0.165086886726144
"mean_gc_natura_designated_land_share_k100",0.10662175874961,0.300500994756552,0.533856906817434,-0.0948430196326255,0.215517472745198
"std_gc_natura_designated_land_share_k100",0.141023331707805,0.233617297350094,0.616281804990526,-0.123032814185314,0.178131761290876
"mean_gc_natura_bird_protection_share_k100",-0.159916490399752,-0.12335344773193,0.803483161021027,0.0106689883987651,-0.0683646277454763
"std_gc_natura_bird_protection_share_k100",0.207293062792821,-0.0741399717862939,0.404949684175025,0.181790397762545,-0.227541045069411
"mean_gc_natura_habitat_areas_share_k100",-0.0753854159159106,0.0430039297131814,0.856331773771611,-0.0812947158296412,-0.00362936831485802
"std_gc_natura_habitat_areas_share_k100",0.176162691954098,0.143985817796818,0.474407646531531,-0.0342753500709374,-0.0571381490233052
"mean_gc_natur_vildt_reservat_share_k100",-0.104048911374073,-0.0464385164577785,0.288148567171274,-0.00166223716694489,0.339451172775071
"std_gc_natur_vildt_reservat_share_k100",-0.0926683318353647,-0.0544112586967335,0.267014785828698,0.044224432096667,0.387645937045872
"mean_gc_aviation_approach_share_k100",0.171278856240146,-0.163912259568643,-0.103358566969122,0.435569782799231,-0.132057333707089
"std_gc_aviation_approach_share_k100",0.103518719685015,-0.108120830138062,-0.0781436954321445,0.155776327375466,-0.0624118996471112
"mean_gc_aviation_bird_collision_share_k100",0.159117394559343,-0.294786876032457,-0.0571625382519978,0.287387837205909,-0.227024994729149
"std_gc_aviation_bird_collision_share_k100",0.0651444589280594,-0.111146371565636,0.115501448444526,-0.038481467185311,-0.053034076983716
"mean_gc_military_areas_share_k100",0.33474035113292,-0.0590860549844644,0.00701257269127947,-0.0439779850761992,-0.0915171522966422
"std_gc_military_areas_share_k100",0.357790582431346,-0.0670250375261381,-0.0122534384973589,-0.026656846485923,-0.0946049520456926
"mean_gc_ferry_routes_length_m_k100",0.0176084460174123,-0.0597745977216731,0.0178802734693279,0.457888689909142,-0.140794308032509
"std_gc_ferry_routes_length_m_k100",0.0174988914151252,-0.0595258933649333,0.018491632244822,0.485769966162407,-0.143311904402182
"mean_gc_built_low_selection_share_k100",0.0074234349683147,0.148924203343058,-0.0946012745315794,0.641543316531697,0.284193090479754
"std_gc_built_low_selection_share_k100",0.0739820083601538,0.208650468285809,-0.121963125930305,0.602555018421413,0.331452942112317
"mean_gc_relief_flat_band_k100",0.0445217205224591,-0.663268475870261,-0.0412099693908948,-0.0286010384267388,0.361489279911205
"std_gc_relief_flat_band_k100",0.172755781038124,-0.593501411977989,0.0342208718643732,0.00454966938503894,0.186716411723377
"mean_gc_relief_rolling_band_k100",-0.0867940366857876,-0.0375481575237088,0.00112215124560541,-0.0278567601864707,-0.438640471519944
"std_gc_relief_rolling_band_k100",0.0743367230764077,0.00666755480792335,0.0358876924211544,-0.00645763236384717,-0.411699748190134
"mean_gc_relief_strong_band_k100",-0.0849186492091886,0.859627735606934,0.0167725411837009,-0.0535426022643598,-0.144429446999374
"std_gc_relief_strong_band_k100",-0.0538897080222915,0.518326510541882,-0.00447210610167432,-0.0565665861632155,-0.316719179857383
"mean_gc_highest_point_low_band_k100",0.705036974702036,-0.0279332096028063,-0.193660812862675,0.291954612655656,0.429675490172483
"std_gc_highest_point_low_band_k100",0.333960398436347,0.322278791860121,-0.122022209961308,0.204937253465213,0.0419631646103258
"mean_gc_highest_point_mid_band_k100",-0.31162736586474,0.204293483572429,-0.193697244729559,-0.157801204577702,-0.103293031241694
"std_gc_highest_point_mid_band_k100",-0.208902512888725,0.408486624634874,-0.0637206912504955,-0.128212890085001,-0.107829779688061
"mean_gc_highest_point_high_band_k100",-0.473523359920599,-0.157553220312802,0.372948566829919,-0.208525652423742,-0.312177639885466
"std_gc_highest_point_high_band_k100",-0.258341679980104,0.148445430575161,0.110110993281918,-0.14778434466597,-0.241280714843191
"mean_gc_contour_mean_elevation_m_k100",-0.728165141579495,-0.109688132890432,0.278765321894699,-0.357429404985634,-0.384989293765031
"std_gc_contour_mean_elevation_m_k100",0.0255816361902038,0.814211987917267,-0.0312808633607255,-0.0434152237601346,-0.0672955487630635
"mean_gc_contour_mean_slope_deg_k100",-0.0843245988170547,0.915770538523546,0.0532731378590824,-0.0806434043902784,-0.199256751618577
"std_gc_contour_mean_slope_deg_k100",0.0720950453593317,0.745418401721181,0.109418127586663,-0.000678231312669559,-0.158840812396534
"mean_gc_contour_valley_depth_max_m_k100",0.0217325823613333,0.804905979668203,0.158486763711282,-0.0395357884076023,-0.207555918029193
"std_gc_contour_valley_depth_max_m_k100",0.0528165748959478,0.760058602325253,0.0783680388663516,-0.0195789564471155,-0.220899793870495
"mean_gc_high_agri_plateau_proxy_k100",-0.611141892533919,-0.10870711888262,-0.18306991639176,-0.307703729468918,-0.36420826649168
"std_gc_high_agri_plateau_proxy_k100",-0.530652418383178,0.200506267370337,0.259955570353118,-0.268655292561518,-0.283267581716798
"mean_gc_fastboende_count_k250",-0.0113712227968012,-0.0367864107445435,-0.0401642367070437,0.913359421646982,0.0725145073547795
"std_gc_fastboende_count_k250",0.0418701344044307,0.00367860869996378,-0.0604099445598637,0.910746735275608,0.0948317798404528
"mean_gc_roads_medium_length_m_k250",-0.188873191286152,-0.0673028070869501,-0.167591448176069,0.675523645483646,0.163679580733498
"std_gc_roads_medium_length_m_k250",-0.150408423554769,-0.000764647586154095,-0.185339242195691,0.594116049661864,0.216897310053252
"mean_gc_roads_large_length_m_k250",0.0296537037008532,0.134862065700995,-0.187863658711051,0.677094887630259,0.304450920643764
"std_gc_roads_large_length_m_k250",0.129893233611983,0.191493561986753,-0.242795744529151,0.474482901577035,0.303391771800524
"mean_gc_ecology_connectivity_share_k250",0.0940445416765753,0.184300049606765,0.767160132000313,-0.18206343140792,-0.159277933369674
"std_gc_ecology_connectivity_share_k250",0.312071326560747,0.168614056266326,0.0304336377169524,-0.159476278624523,-0.0809397251180606
"mean_gc_cultural_historical_conservation_share_k250",-0.0855198598041261,-0.00519975960283047,-0.176919529409901,0.00750033786161229,0.0464801268165929
"std_gc_cultural_historical_conservation_share_k250",-0.0706447074348448,-0.014539390972745,-0.201364379041686,0.0042956240939699,0.0718961885767591
"mean_gc_fredskov_share_k250",-0.0824676524040865,0.0217481808169061,0.815288948878487,-0.0440202113788287,-0.172389960307467
"std_gc_fredskov_share_k250",0.104456781260237,0.124270523245045,0.603106615427478,-0.0376532607055796,-0.204019724389932
"mean_gc_agricultural_land_share_k250",-0.374837946576358,-0.100001102284683,-0.632949009584769,-0.515586861792456,0.0379770958070953
"std_gc_agricultural_land_share_k250",0.3519181049107,0.339366171500421,0.273633112311083,-0.146034425866144,0.18981104357473
"mean_gc_relief_m_k250",-0.0958194800386306,0.923760712453156,0.0699279146299256,-0.071904687766777,-0.212812034120071
"std_gc_relief_m_k250",0.0488024457548098,0.795113301207026,0.0940678283108873,0.000408469452017736,-0.164201137981636
"mean_gc_protected_watercourses_length_m_k250",0.208665627084148,0.0857446379450754,-0.0817350103934072,-0.198072212305866,-0.0411154097755579
"std_gc_protected_watercourses_length_m_k250",0.239402008884807,0.0738127122219961,-0.078506501970325,-0.216550707133634,0.00074366077906191
"mean_gc_lake_share_k250",-0.0155907993311464,0.108920639923878,0.426742965668917,0.0635359985653304,0.00677934172509595
"std_gc_lake_share_k250",0.0692528048765958,0.106311554269961,0.378058524890863,0.122729223206177,0.0923034323982102
"mean_gc_wetland_share_k250",-0.154087761046639,-0.083783853588145,0.437263500275548,-0.0600040354313378,0.33331871295207
"std_gc_wetland_share_k250",-0.163578452520246,-0.126353221465258,0.511590928650375,-0.093645543454267,0.353885438547019
"mean_gc_moor_hede_share_k250",0.462311465764047,0.319856991193737,0.255265296570999,-0.0454499258594213,0.0425056298201851
"std_gc_moor_hede_share_k250",0.593431003394945,0.280406740803825,0.257267903227903,-0.0277582181151747,0.0445345566507444
"mean_gc_forest_share_k250",0.0883748095220501,0.0203893764850652,0.849024482180785,-0.112020622736437,-0.158809737443404
"std_gc_forest_share_k250",0.350465918204223,0.0856536736002421,0.635156894872993,-0.129619459929007,-0.109818673317971
"mean_gc_coastal_zone_share_k250",0.485292062227257,0.418792121095561,-0.268680286157081,0.200480851933672,0.178118197463599
"std_gc_coastal_zone_share_k250",0.447673510157726,0.158042127301168,-0.127737040676054,0.171373511032054,0.0286019779997647
"mean_gc_coastline_length_m_k250",0.400252439194435,0.539288521970862,-0.000419320221664839,0.224477438380795,0.192899411453344
"std_gc_coastline_length_m_k250",0.425028410707851,0.546905414011257,-0.0220369048572437,0.243063458499686,0.209928880174882
"mean_gc_valuable_cultural_environment_share_k250",0.247475526240429,0.149177682755481,0.123507032120409,0.31812142632321,0.188288560907797
"std_gc_valuable_cultural_environment_share_k250",0.371426401066832,0.0466279138871429,-0.0299813220398708,0.396496603074052,0.181498602557983
"mean_gc_highest_point_m_k250",-0.727133718391816,0.00466471613342799,0.278199622305325,-0.360801285732694,-0.404608496663832
"std_gc_highest_point_m_k250",-0.0136996584278108,0.65273408782052,0.0517881130828542,-0.0159912758336891,0.0873562939714716
"mean_gc_river_length_m_k250",-0.21428116232472,-0.219004153386589,0.661466704094584,-0.16736943225651,-0.0078975507615484
"std_gc_river_length_m_k250",-0.131763300650124,-0.24690818851017,0.557684618153829,-0.175895274976421,0.0157582058288193
"mean_gc_sand_dune_share_k250",0.644927872208995,-0.0647521885449639,0.12627336942756,-0.0902327279508449,0.05938111667992
"std_gc_sand_dune_share_k250",0.706370222082193,-0.0516558022042567,0.131038766588052,-0.0349152794391376,0.0979670788409195
"mean_gc_bes_naturtyper_share_k250",0.193475773500746,0.370941732561253,0.561489078783604,-0.0397433803944303,0.174859595425466
"std_gc_bes_naturtyper_share_k250",0.253674399731794,0.26474278695116,0.538895956264803,-0.00729364331039037,0.155126992298827
"mean_gc_mapped_nature_types_share_k250",0.194281589635627,0.393836002328172,0.503169820643622,-0.103321459289942,0.120624804563497
"std_gc_mapped_nature_types_share_k250",0.292224276762157,0.312001894981251,0.49058740856952,-0.142677440284449,0.109096791441153
"mean_gc_industry_business_share_k250",-0.0147023713598185,-0.0431357916793084,-0.0241249534533589,0.73255535360434,0.0837537802664842
"std_gc_industry_business_share_k250",0.0159249748667745,-0.0367922021756595,-0.0322315353087519,0.754973963737804,0.0990125474989808
"mean_gc_built_centre_share_k250",-0.0474444641593985,-0.0846391180550328,0.0147798619325255,0.701953116351005,-0.0170823679794929
"std_gc_built_centre_share_k250",-0.0411961616893748,-0.0890156932304997,0.0176751351399439,0.730006747262915,0.020573729720762
"mean_gc_buildings_high_share_k250",0.0813752002462808,-0.0794802451422893,0.0103675872803068,0.552086160336096,-0.138311388645239
"std_gc_buildings_high_share_k250",0.0846276848756683,-0.0844613568279404,0.0109822842797904,0.585974681080792,-0.143790755019796
"mean_gc_buildings_low_share_k250",0.0537774213625085,0.109836380245421,-0.150590782186888,0.721783976483212,0.271625891228342
"std_gc_buildings_low_share_k250",0.17043165112149,0.193266826918286,-0.149099758372954,0.668375501202565,0.309563018704347
"mean_gc_strand_protection_share_k250",0.675624062462766,0.44592552478251,0.0587872374416366,0.0664824283604661,0.0364602706698617
"std_gc_strand_protection_share_k250",0.690680124474263,0.424012073541373,0.0241388028758893,0.134413189245195,0.0728364214148243
"mean_gc_jordart_ml_moraeneler_share_k250",-0.343581222443501,0.0197975421231288,-0.733429749628709,-0.25757207257892,-0.0817546699222469
"std_gc_jordart_ml_moraeneler_share_k250",0.234800862289167,0.165629233243953,-0.177804217849819,0.00628992763952213,0.165552699092101
"mean_gc_jordart_ms_moraensand_share_k250",-0.23207828230691,-0.0961799987659336,0.720886805873336,-0.0765620883505623,-0.111104894503839
"std_gc_jordart_ms_moraensand_share_k250",-0.19763943710385,-0.0523720914072244,0.428679649808717,-0.0990521393123925,-0.0976032733434614
"mean_gc_jordart_fp_ferskvandsgytje_share_k250",-0.374547150439148,-0.210403656282442,0.34559730384646,-0.174847098490489,0.176017448998375
"std_gc_jordart_fp_ferskvandsgytje_share_k250",-0.27709411205679,-0.241759671861999,0.184770824884179,-0.19730782373509,0.328708928560212
"mean_gc_jordart_es_flyvesand_share_k250",0.828343168122047,-0.110213467670614,0.131571696655171,0.0742775455102793,-0.0399832207782721
"std_gc_jordart_es_flyvesand_share_k250",0.810544130525555,-0.0993642125629758,0.0901371146101874,0.220302442066356,0.0130541597282304
"mean_gc_jordart_ds_smeltevandssand_share_k250",0.227067984611309,-0.0936470771751486,-0.0679204292602071,0.0140293958187684,-0.0174924919594482
"std_gc_jordart_ds_smeltevandssand_share_k250",0.270870887105695,-0.0718208332349651,-0.0448891788279238,0.0153316274647349,-0.0343221190586221
"mean_gc_jordart_pkv_prekvartart_lag_share_k250",-0.0222367587591875,0.742457783210282,0.240474800180484,0.019408439728078,-0.0112065314232778
"std_gc_jordart_pkv_prekvartart_lag_share_k250",-0.021732744205215,0.718773965714002,0.159878046004504,0.103897167796751,-0.0310991869727563
"mean_gc_jordart_marina_sand_och_grus_ovrigt_share_k250",0.0398318016549988,0.0562651243139397,-0.0334963574193968,0.196048589942228,0.682017427202275
"std_gc_jordart_marina_sand_och_grus_ovrigt_share_k250",0.146350083146672,0.16958278707984,-0.0866221088117697,0.161994181906349,0.65598221701572
"mean_gc_jordart_farskvatten_organiskt_ovrigt_share_k250",-0.015845689222951,-0.0427722593714312,0.240517512978,-0.0483142828406491,0.381742480159873
"std_gc_jordart_farskvatten_organiskt_ovrigt_share_k250",0.00301122732377181,-0.0459119693663123,0.236764708435666,-0.0347276078570986,0.471752242083147
"mean_gc_jordart_smaltvatten_ovrigt_share_k250",0.168956987643577,-0.0447050189028278,0.0286397022163718,0.327808792107376,-0.238829629223599
"std_gc_jordart_smaltvatten_ovrigt_share_k250",0.179504356643361,-0.019913406152497,0.0277101544968086,0.29828163287142,-0.285193693407179
"mean_gc_jordart_ovrigt_anlagt_okant_share_k250",-0.0174243148846124,0.0385060997550849,0.0139793906560649,0.656977136602893,-0.0562261039396126
"std_gc_jordart_ovrigt_anlagt_okant_share_k250",-0.000301352290500206,0.13830324625201,0.0239650875786427,0.65463158035303,-0.0172867919591552
"mean_gc_prekvart_gnejs_share_k250",-0.54991977038865,-0.0169565476933816,0.0820473062490282,-0.281906891239616,-0.352744200093938
"std_gc_prekvart_gnejs_share_k250",-0.183982650252462,0.145214749445828,-0.0418292287872566,-0.0383328599473507,-0.0763262646472347
"mean_gc_prekvart_hammer_och_almindinge_share_k250",-0.125041366177543,0.267024320834299,0.31995976972314,-0.0043641751847764,-0.0689213076728361
"std_gc_prekvart_hammer_och_almindinge_share_k250",-0.131827211971121,0.194181736801547,0.192479330301669,-0.0424464791761965,-0.0449752823842065
"mean_gc_prekvart_gronne_skifre_share_k250",0.282793112703525,-0.242657956248255,-0.171620191927366,-0.153930893810169,0.424795743420443
"std_gc_prekvart_gronne_skifre_share_k250",0.424634195067612,-0.248166528541325,-0.152633368353396,-0.18624380617266,0.390290391298599
"mean_gc_prekvart_vang_och_svaneke_gran_share_k250",-0.0917052118961238,0.365955460306152,-0.122330272208257,0.00408163844864702,0.103159542840544
"std_gc_prekvart_vang_och_svaneke_gran_share_k250",-0.103535480812854,0.393891034232649,-0.0465403998215328,-0.00201230122548032,0.0940335838693143
"mean_gc_prekvart_balka_sandsten_share_k250",-0.000942651903253919,-0.195079293668851,-0.14221129852737,-0.00282852104430512,0.486912272767911
"std_gc_prekvart_balka_sandsten_share_k250",0.0954808900832625,-0.23853978854458,-0.167196958638507,-0.0238908313615398,0.542196365571938
"mean_gc_prekvart_sandsten_gronsand_ovrigt_share_k250",0.0678074641440536,-0.160669264608222,-0.1142685087287,0.122826427831036,0.221244415807487
"std_gc_prekvart_sandsten_gronsand_ovrigt_share_k250",0.159211300337807,-0.186238344812854,-0.0985991126384063,0.162629830856505,0.207880583239458
"mean_gc_prekvart_sedimentara_formationer_ovrigt_share_k250",0.363723217757163,-0.0998044857870379,-0.0433374362865539,0.18515887503384,-0.152909082874153
"std_gc_prekvart_sedimentara_formationer_ovrigt_share_k250",0.466870484814637,-0.125802099518837,-0.0562444183880974,0.182890302811224,-0.167617438660086
"mean_gc_prekvart_skifrar_ovrigt_share_k250",0.56696851529067,-0.128570546459693,-0.00397596818228697,-0.181026313136884,0.0348196867663564
"std_gc_prekvart_skifrar_ovrigt_share_k250",0.687384672301488,-0.174380296477453,-0.0210355610038987,-0.219740603021259,0.0643333274380953
"mean_gc_prekvart_kristallint_ovrigt_share_k250",-0.0284665908176093,0.0265977943797355,0.019053143043723,0.0377115135942286,-0.0860556599578003
"std_gc_prekvart_kristallint_ovrigt_share_k250",-0.030405178628644,0.0118828132663471,0.0316422649897707,0.0417928070791729,-0.0990608175221889
"mean_gc_prekvart_kalkbergarter_ovrigt_share_k250",0.344615790908489,-0.130006149467983,-0.0605249023646377,0.0257569654089197,-0.0436923792945119
"std_gc_prekvart_kalkbergarter_ovrigt_share_k250",0.430927996096678,-0.14576546944085,-0.056765968209397,0.0165873076613893,-0.0507107601276791
"mean_gc_prekvart_ovrigt_stratigrafiskt_share_k250",0.352712993349691,-0.0495470477609382,-0.0245903374434448,0.656602927576713,-0.171200088207902
"std_gc_prekvart_ovrigt_stratigrafiskt_share_k250",0.551948827666918,-0.0897637563614282,-0.0491201721877232,0.444990218200575,-0.178974686621703
"mean_gc_protected_areas_share_k250",0.638885028158545,0.0763064639572877,0.157627944466807,-0.122856952396818,0.117350669518815
"std_gc_protected_areas_share_k250",0.57236831018357,0.203903251373304,0.111274916824826,0.00210535330595981,0.192580511413371
"mean_gc_natura_designated_land_share_k250",0.0663553586887513,0.314921968316947,0.585872292496467,-0.0879849227975522,0.225696172303375
"std_gc_natura_designated_land_share_k250",0.100417934439919,0.22732342449607,0.67256986239574,-0.125953191934562,0.18964693484087
"mean_gc_natura_bird_protection_share_k250",-0.180399868674118,-0.125455237875697,0.808889729029425,-0.0169813389640896,-0.055826781579967
"std_gc_natura_bird_protection_share_k250",0.117828051826359,-0.0992987135553366,0.55200506048409,0.123601657558564,-0.207719928986161
"mean_gc_natura_habitat_areas_share_k250",-0.112814269079107,0.0400554052119826,0.861545545473611,-0.0794949410254489,-0.000530106355795048
"std_gc_natura_habitat_areas_share_k250",0.102992744345209,0.126712174942418,0.591238744264883,-0.0630438831074339,-0.050070215943923
"mean_gc_natur_vildt_reservat_share_k250",-0.120574535853456,-0.0661674876917936,0.32758309371366,-0.0114050393244082,0.340713588772423
"std_gc_natur_vildt_reservat_share_k250",-0.117076573839351,-0.0814989867682749,0.31927547359266,0.0299500093507507,0.402902734776824
"mean_gc_aviation_approach_share_k250",0.177346847340362,-0.167601271319876,-0.102909947226629,0.444867541110294,-0.136639040055842
"std_gc_aviation_approach_share_k250",0.128070334292284,-0.125568652384371,-0.0997856652653591,0.138652227409231,-0.063643110154937
"mean_gc_aviation_bird_collision_share_k250",0.158456612349446,-0.29876671235897,-0.0575093348521865,0.289427413466026,-0.22781130281255
"std_gc_aviation_bird_collision_share_k250",0.0836830740601735,-0.133475556076561,0.128460932144574,-0.0479145576478835,-0.0660372245619043
"mean_gc_military_areas_share_k250",0.383367747565685,-0.0702525619957533,0.00270859216669997,-0.0462359845023509,-0.100871438156584
"std_gc_military_areas_share_k250",0.408359066043177,-0.0790489020319692,-0.0189533933770967,-0.0197619301410437,-0.102598956101924
"mean_gc_ferry_routes_length_m_k250",0.0231431145720877,-0.0559472628955233,0.0188474289183558,0.519736524175826,-0.149045284854206
"std_gc_ferry_routes_length_m_k250",0.0234314746130067,-0.0531937490193533,0.0187595097725415,0.542462745751631,-0.148760890311007
"mean_gc_built_low_selection_share_k250",0.0534025583491196,0.128219852105067,-0.0821236816634964,0.749784777698244,0.25830415120081
"std_gc_built_low_selection_share_k250",0.123507269421001,0.213126717736339,-0.124914911346046,0.676224568808603,0.326179682044344
"mean_gc_relief_flat_band_k250",0.112891196246624,-0.728912048954179,-0.0231557012729146,0.0232886379037442,0.365316878832101
"std_gc_relief_flat_band_k250",0.184465321341969,-0.705722696935415,0.0370655422914913,0.0577570805203963,0.132073705329497
"mean_gc_relief_rolling_band_k250",-0.150369513204334,-0.00241862055838052,-0.0109569698194024,-0.030774347024168,-0.502991606416799
"std_gc_relief_rolling_band_k250",0.0068003821876143,0.0591807275017035,-0.00396596758190073,0.00619863237075797,-0.479123299208371
"mean_gc_relief_strong_band_k250",-0.108614919125612,0.886471824414512,0.0112156180858751,-0.0637311072819288,-0.153031439319927
"std_gc_relief_strong_band_k250",-0.0833469719494881,0.578120252214312,-0.0244371329831441,-0.0856854560239153,-0.370743901544963
"mean_gc_highest_point_low_band_k250",0.733295474946153,-0.0670966764320324,-0.18361000253914,0.319681468586192,0.405875445317335
"std_gc_highest_point_low_band_k250",0.31324405206289,0.383397274385099,-0.196443078186002,0.200879184212975,0.130058645464633
"mean_gc_highest_point_mid_band_k250",-0.323988696149095,0.244418389223086,-0.209756911211471,-0.159206915018352,-0.0869676380631343
"std_gc_highest_point_mid_band_k250",-0.283592717509935,0.482557332445481,-0.107432408890142,-0.150992249182015,-0.112702374375699
"mean_gc_highest_point_high_band_k250",-0.490403404873428,-0.151509297181914,0.37527935358574,-0.218495541494927,-0.32096461226968
"std_gc_highest_point_high_band_k250",-0.336815846290765,0.196821255741611,0.128956712977566,-0.192442958651634,-0.29922620505854
"mean_gc_contour_mean_elevation_m_k250",-0.73094269206863,-0.0781352193887839,0.278284955652437,-0.359571615144573,-0.389191161327842
"std_gc_contour_mean_elevation_m_k250",0.00751541891702045,0.813729080927678,-0.0773858873010289,-0.0267232132333098,-0.0508009133226439
"mean_gc_contour_mean_slope_deg_k250",-0.112764461027731,0.925299803364619,0.0507945828879118,-0.0754418627193385,-0.212140288332001
"std_gc_contour_mean_slope_deg_k250",0.0141793470349828,0.762452508379001,0.0971738680885617,-0.0140827244083241,-0.159685362552477
"mean_gc_contour_valley_depth_max_m_k250",-0.0174058450112103,0.838486106856441,0.172576194438089,-0.0475558046129193,-0.240279591491769
"std_gc_contour_valley_depth_max_m_k250",0.010273405957118,0.789335535126405,0.0610636660602901,-0.0279830097558059,-0.24237667392797
"mean_gc_high_agri_plateau_proxy_k250",-0.638719945068398,-0.0698013007112092,-0.165163024284256,-0.319564901707747,-0.373087067928314
"std_gc_high_agri_plateau_proxy_k250",-0.590834046688607,0.285640823581947,0.29244128467982,-0.275662594334101,-0.259284037312304
"mean_gc_fastboende_count_k1000",0.0754232225428875,-0.0623303820839684,-0.0236739460964031,0.911824473556921,-0.040775583412347
"std_gc_fastboende_count_k1000",0.119095395539549,0.0176858765989519,-0.0753288954249303,0.876318497855146,0.082137415813288
"mean_gc_roads_medium_length_m_k1000",-0.098480387489127,-0.133214414038951,-0.152908899162897,0.783528979675613,0.06777461021671
"std_gc_roads_medium_length_m_k1000",-0.0671321920460855,0.01349440245114,-0.131748832562952,0.7558696183166,0.171872147395978
"mean_gc_roads_large_length_m_k1000",0.158334612231775,0.146349943254299,-0.200719851740883,0.759443936791901,0.215346381639978
"std_gc_roads_large_length_m_k1000",0.187071022413897,0.22215904771894,-0.256851667225521,0.569943124428921,0.313193989589494
"mean_gc_ecology_connectivity_share_k1000",-0.0515206294218107,0.19902716787473,0.747387323860748,-0.201726910907621,-0.177888166063966
"std_gc_ecology_connectivity_share_k1000",0.190726320935557,0.142431937404393,0.342518072772168,-0.244042852141307,-0.0938775500344791
"mean_gc_cultural_historical_conservation_share_k1000",-0.0597670126083311,-0.0415776262395729,-0.285472128930914,-0.0619622760481733,0.0247328536049602
"std_gc_cultural_historical_conservation_share_k1000",0.0216721095290415,-0.0666796330407391,-0.303387202123623,-0.0857811028800121,0.0676402564553598
"mean_gc_fredskov_share_k1000",-0.160560359114731,0.0321726185923562,0.835882237618429,-0.0532436329151335,-0.168100654778523
"std_gc_fredskov_share_k1000",-0.0670731020037898,0.0594933895435048,0.769961907390969,-0.00631176988134026,-0.204871385847974
"mean_gc_agricultural_land_share_k1000",-0.277652566601655,-0.05942111932555,-0.626199745519901,-0.597936417787595,0.0809527415804341
"std_gc_agricultural_land_share_k1000",0.435408217915688,0.21271327169331,0.453047064332433,-0.0706986585951041,0.264146794793801
"mean_gc_relief_m_k1000",-0.164834064650351,0.886562880110341,0.0454957114236295,-0.0685497212655005,-0.211797368143121
"std_gc_relief_m_k1000",-0.0276909525654057,0.78506881143749,0.0832683969100519,0.00977709566116661,-0.132083019395101
"mean_gc_protected_watercourses_length_m_k1000",0.306277970574834,0.116080896059572,-0.123976945018374,-0.246697227495079,-0.0574768375141886
"std_gc_protected_watercourses_length_m_k1000",0.310637969990832,0.0591462315007667,-0.0852796992703031,-0.282073139160021,0.0254492758643476
"mean_gc_lake_share_k1000",-0.0775280911223784,0.0951176233475779,0.515164470882315,0.135012164733001,-0.0800758036619454
"std_gc_lake_share_k1000",0.0539941119847926,0.0600867398450919,0.418010276346008,0.248866887150566,0.0864007312717319
"mean_gc_wetland_share_k1000",-0.186447606538929,-0.149570426164305,0.511016424033987,-0.0826234420882,0.267853262636254
"std_gc_wetland_share_k1000",-0.198346648278593,-0.165521884422368,0.55355202215657,-0.116058101106846,0.281461930678661
"mean_gc_moor_hede_share_k1000",0.496427119580134,0.349488339433311,0.238183386200096,-0.0356867346198523,0.0732387954824386
"std_gc_moor_hede_share_k1000",0.576761915060628,0.310574425383569,0.221008889380112,0.000458848445909643,0.115202063328246
"mean_gc_forest_share_k1000",-0.0356542145518069,0.0348364114435078,0.861889229281332,-0.116451154541646,-0.14764286314871
"std_gc_forest_share_k1000",0.178764696598068,0.0268613216462307,0.767460498852712,-0.100524998016396,-0.102802221724143
"mean_gc_coastal_zone_share_k1000",0.527962410510272,0.459382780695252,-0.261848570254509,0.244970790779277,0.165349281793278
"std_gc_coastal_zone_share_k1000",0.359612314619896,0.0538715043632361,-0.285531448360017,0.0582559757309959,0.0903040195979104
"mean_gc_coastline_length_m_k1000",0.370000915944923,0.587971379479248,-0.0406489842797826,0.245519873043088,0.247552916817979
"std_gc_coastline_length_m_k1000",0.385540131332712,0.579985844522083,-0.0970864260165208,0.251888446583325,0.257942779758159
"mean_gc_valuable_cultural_environment_share_k1000",0.390935856448191,0.151550690079053,0.13524447586158,0.285930273155827,0.209786858517436
"std_gc_valuable_cultural_environment_share_k1000",0.45982202576039,0.0034410472491107,-0.0298754139057041,0.352381260633971,0.212872665281415
"mean_gc_highest_point_m_k1000",-0.729170784404355,0.0624193446893013,0.271097535950924,-0.353467426736817,-0.391523867158631
"std_gc_highest_point_m_k1000",-0.0311789274580102,0.626498157588504,-0.0426207717478575,0.0521088042842704,0.133587330223685
"mean_gc_river_length_m_k1000",-0.24470266494203,-0.259635159770085,0.685940340488833,-0.170790990914175,-0.0277223576575872
"std_gc_river_length_m_k1000",-0.186898695242036,-0.310898332334674,0.59490445521168,-0.149576933655952,-0.0160337578769554
"mean_gc_sand_dune_share_k1000",0.698540283898554,-0.116005396357953,0.0820703777993108,-0.0880259525674493,0.163913431903798
"std_gc_sand_dune_share_k1000",0.717995600998948,-0.0920872086390293,0.0763806719703339,-0.0140667283943409,0.214045008607624
"mean_gc_bes_naturtyper_share_k1000",0.111951678358033,0.410723500733773,0.610005804140499,-0.0395328379824462,0.139207717038538
"std_gc_bes_naturtyper_share_k1000",0.193312071995516,0.223265712369574,0.607475294651303,0.01461289939679,0.167053380660798
"mean_gc_mapped_nature_types_share_k1000",0.110563089953571,0.435228715963344,0.581730804073471,-0.0985578178537842,0.115118558699753
"std_gc_mapped_nature_types_share_k1000",0.232325726450728,0.326901005517404,0.512172520792404,-0.136772112206985,0.139153302057743
"mean_gc_industry_business_share_k1000",0.0595433089509162,-0.0486881063045965,-0.0264940921564123,0.807346010053943,0.0141224081393334
"std_gc_industry_business_share_k1000",0.0735461277644165,-0.0281075654590622,-0.0585229254083316,0.787917139340995,0.0592664120856396
"mean_gc_built_centre_share_k1000",0.0294759477183802,-0.104053958497406,0.0117733229590447,0.833191650963341,-0.0581111528608596
"std_gc_built_centre_share_k1000",0.0295168666019626,-0.0920809346198506,0.00414298297005076,0.825785776557761,0.019600812542991
"mean_gc_buildings_high_share_k1000",0.120690897799464,-0.106826470804171,0.0192278795934033,0.74294447061946,-0.204592759336694
"std_gc_buildings_high_share_k1000",0.139505222971578,-0.106192939215712,0.0185061442718082,0.735019245775177,-0.205741573173539
"mean_gc_buildings_low_share_k1000",0.126943919251411,0.0369820449713109,-0.122170018159615,0.883937988207919,0.105446605487946
"std_gc_buildings_low_share_k1000",0.208818471802159,0.16620401041153,-0.153529911455327,0.742334726278505,0.227939989362962
"mean_gc_strand_protection_share_k1000",0.679354993841978,0.486021539084722,-0.0100323157570208,0.101978620870968,0.108145434869295
"std_gc_strand_protection_share_k1000",0.682500293732817,0.436984528418601,-0.0629010111160682,0.172176616142857,0.133853307053709
"mean_gc_jordart_ml_moraeneler_share_k1000",-0.262943117609,0.079248599826878,-0.738313929990526,-0.251822999331578,-0.075496520236444
"std_gc_jordart_ml_moraeneler_share_k1000",0.441546550796819,0.0605073081653032,0.0794168126997187,0.145211124945465,0.280872290736795
"mean_gc_jordart_ms_moraensand_share_k1000",-0.252770061067791,-0.126148960660063,0.704172178257297,-0.0816611901564622,-0.0947637836606629
"std_gc_jordart_ms_moraensand_share_k1000",-0.271494893291266,-0.0830940677139405,0.434259935372214,-0.0994572896352805,-0.117535786332952
"mean_gc_jordart_fp_ferskvandsgytje_share_k1000",-0.399154590154303,-0.218307758568859,0.426667945169343,-0.214997976420167,0.15271907399273
"std_gc_jordart_fp_ferskvandsgytje_share_k1000",-0.252822478836329,-0.305719383645219,0.250495465478188,-0.196177855232051,0.365753812178969
"mean_gc_jordart_es_flyvesand_share_k1000",0.846146172368754,-0.163132920204511,0.0788730275734218,0.120774451273261,0.0173145279719506
"std_gc_jordart_es_flyvesand_share_k1000",0.841055452006231,-0.147671671568258,0.0365633303487126,0.232263326585118,0.0754621762953617
"mean_gc_jordart_ds_smeltevandssand_share_k1000",0.496367823323017,-0.142516300227756,-0.0329596934386828,0.112079850605819,-0.0805736111387848
"std_gc_jordart_ds_smeltevandssand_share_k1000",0.524679317170167,-0.0851034484543422,-0.012796219391882,0.156372563335619,-0.112700651745449
"mean_gc_jordart_pkv_prekvartart_lag_share_k1000",-0.0806844487559472,0.744697399463651,0.208119757625809,0.0132540635079617,-0.0291765048273428
"std_gc_jordart_pkv_prekvartart_lag_share_k1000",-0.0970998881859409,0.731182083079174,0.123601320103528,0.136425245900694,-0.045589258159162
"mean_gc_jordart_marina_sand_och_grus_ovrigt_share_k1000",0.0802443788812845,0.0307216216581112,-0.0514057712473409,0.143250717526337,0.702882263199402
"std_gc_jordart_marina_sand_och_grus_ovrigt_share_k1000",0.17228456007061,0.142164035951714,-0.112399460934161,0.118978794724608,0.669597151940618
"mean_gc_jordart_farskvatten_organiskt_ovrigt_share_k1000",0.0375552408354765,-0.0924864242188895,0.252393121837043,-0.0815531104039746,0.358527809191317
"std_gc_jordart_farskvatten_organiskt_ovrigt_share_k1000",0.06717951035297,-0.102001132795337,0.25787973036579,-0.074535464467692,0.42446579319894
"mean_gc_jordart_smaltvatten_ovrigt_share_k1000",0.166866535696708,-0.0360451628749587,0.0148829983334468,0.610446752220466,-0.33591764403073
"std_gc_jordart_smaltvatten_ovrigt_share_k1000",0.172180972128383,0.0492188321362622,-0.00704810201266615,0.539938358669084,-0.370741071948693
"mean_gc_jordart_ovrigt_anlagt_okant_share_k1000",0.0543745086383101,0.0636440016145983,0.0279996988347553,0.784493270005763,-0.0910507877824927
"std_gc_jordart_ovrigt_anlagt_okant_share_k1000",0.0613369127728407,0.150405069232412,0.0251083866211606,0.756418792314955,-0.0582761674772646
"mean_gc_prekvart_gnejs_share_k1000",-0.578651659649689,-0.00179776222005464,0.0792280651993399,-0.286204208284308,-0.356594430041292
"std_gc_prekvart_gnejs_share_k1000",-0.257790526768176,0.0877406840215658,-0.0404312887651134,-0.0175897246325022,-0.0772046394268106
"mean_gc_prekvart_hammer_och_almindinge_share_k1000",-0.134187867734829,0.288270269886613,0.318877393894138,-0.00806500979367851,-0.0648935475851585
"std_gc_prekvart_hammer_och_almindinge_share_k1000",-0.200710874229518,0.17679661549335,0.231009988124825,-0.0589583354526021,-0.0865058761188118
"mean_gc_prekvart_gronne_skifre_share_k1000",0.453265463712461,-0.267275049141257,-0.155057869070668,-0.193738600697848,0.451904093813045
"std_gc_prekvart_gronne_skifre_share_k1000",0.545180832356348,-0.292202813907032,-0.176910178443355,-0.214464792580509,0.438747136655918
"mean_gc_prekvart_vang_och_svaneke_gran_share_k1000",-0.101525341530647,0.401121597365772,-0.113273439217546,0.0212601787673025,0.13343384559487
"std_gc_prekvart_vang_och_svaneke_gran_share_k1000",-0.154373409658755,0.430969916185095,-0.0561768883783838,0.00535772280033798,0.143498437513956
"mean_gc_prekvart_balka_sandsten_share_k1000",0.0896491875251597,-0.236092794706732,-0.193756015710163,-0.0181007687912769,0.484273415873346
"std_gc_prekvart_balka_sandsten_share_k1000",0.206924070742209,-0.269480390894829,-0.207115153132621,-0.0294644109367161,0.513421672524919
"mean_gc_prekvart_sandsten_gronsand_ovrigt_share_k1000",0.101256668160661,-0.188527053099641,-0.115767996796987,0.168117993748005,0.287487834797445
"std_gc_prekvart_sandsten_gronsand_ovrigt_share_k1000",0.215253973394773,-0.249397767097166,-0.129175153036346,0.209776250780836,0.248112191206944
"mean_gc_prekvart_sedimentara_formationer_ovrigt_share_k1000",0.455311637578444,-0.136864503103751,-0.0562098991819298,0.433772494475049,-0.232518013830557
"std_gc_prekvart_sedimentara_formationer_ovrigt_share_k1000",0.540008620889371,-0.162196348401394,-0.0841447331864535,0.426293773430927,-0.237040612198943
"mean_gc_prekvart_skifrar_ovrigt_share_k1000",0.609295200358885,-0.149046493307743,-0.0190343759201626,-0.193639010129823,0.0523189581431617
"std_gc_prekvart_skifrar_ovrigt_share_k1000",0.696391202255901,-0.210382926841558,-0.0655035348593872,-0.237794783316186,0.127849762323018
"mean_gc_prekvart_kristallint_ovrigt_share_k1000",-0.0342041376692943,-0.0213467643556038,0.0179075328161151,0.0803237986302858,-0.0924850626904993
"std_gc_prekvart_kristallint_ovrigt_share_k1000",-0.0142343768805558,-0.0510881441008265,0.00682271438157849,0.111919099879416,-0.0973399036014431
"mean_gc_prekvart_kalkbergarter_ovrigt_share_k1000",0.523262647059587,-0.165090766290762,-0.0882881622175778,0.0112791200524664,-0.0458561075443151
"std_gc_prekvart_kalkbergarter_ovrigt_share_k1000",0.641720541730237,-0.195627004240333,-0.0898580161819966,-0.00297251660550256,-0.0459592920320092
"mean_gc_prekvart_ovrigt_stratigrafiskt_share_k1000",0.365832560272092,-0.096695276601336,-0.0313205997706562,0.755749420571263,-0.204963738596298
"std_gc_prekvart_ovrigt_stratigrafiskt_share_k1000",0.595190223066662,-0.117793591979508,-0.0872692030503749,0.495951923009563,-0.158404877919084
"mean_gc_protected_areas_share_k1000",0.655215251913144,0.0481748641161793,0.118556648131302,-0.141082096592,0.158265585357264
"std_gc_protected_areas_share_k1000",0.599569589453474,0.165396962231326,0.0819990382944965,-0.0367663718465517,0.224577438717246
"mean_gc_natura_designated_land_share_k1000",-0.0118768334501765,0.296450533564822,0.640621074369883,-0.0776891500893198,0.190844327808291
"std_gc_natura_designated_land_share_k1000",0.00798895489731312,0.191553630444919,0.692116749045675,-0.122189316610284,0.184281714427328
"mean_gc_natura_bird_protection_share_k1000",-0.216986734793325,-0.140627694926792,0.802850722494453,-0.0381377440275214,-0.056205665970042
"std_gc_natura_bird_protection_share_k1000",-0.045282462614644,-0.159394227401134,0.713996071301656,0.0569435345707348,-0.140167069745279
"mean_gc_natura_habitat_areas_share_k1000",-0.177668984133691,0.0182485912850209,0.848112211279992,-0.0761344386511785,-0.00596116086398466
"std_gc_natura_habitat_areas_share_k1000",-0.0674842342383887,0.093908198563484,0.738024440683757,-0.0686036489812405,-0.01196536226449
"mean_gc_natur_vildt_reservat_share_k1000",-0.149344831396063,-0.134878744625997,0.374256616994386,-0.0141979715012665,0.297190869534506
"std_gc_natur_vildt_reservat_share_k1000",-0.148411250206556,-0.148003631338156,0.354939242769301,0.0282154797776203,0.390821923525514
"mean_gc_aviation_approach_share_k1000",0.193683474924257,-0.176465221392276,-0.0981977945429379,0.461434583557445,-0.147467767513276
"std_gc_aviation_approach_share_k1000",0.170076198311458,-0.15782366833664,-0.122664077365984,0.141266437862036,-0.0769496389777304
"mean_gc_aviation_bird_collision_share_k1000",0.15625938449709,-0.310331440482499,-0.0565800253171004,0.295929607440712,-0.228434070834226
"std_gc_aviation_bird_collision_share_k1000",0.0964961646857048,-0.183781757542043,0.153407285404589,-0.0736392701976368,-0.0891351803403086
"mean_gc_military_areas_share_k1000",0.490487620189152,-0.105595544079915,-0.0260468254888109,0.00260369702200854,-0.117493570519416
"std_gc_military_areas_share_k1000",0.498598272839083,-0.108273678431244,-0.0394773168968748,0.0384035740469742,-0.11398805482154
"mean_gc_ferry_routes_length_m_k1000",0.0459443208973199,-0.0581066585265753,0.0170560258249964,0.660565933685296,-0.162329039476892
"std_gc_ferry_routes_length_m_k1000",0.0476685753054938,-0.0557849304462376,0.0152104416972058,0.679426453892469,-0.160961642034964
"mean_gc_built_low_selection_share_k1000",0.122700165566961,0.0568626794580904,-0.0617242787888622,0.897269086083479,0.0897341485829071
"std_gc_built_low_selection_share_k1000",0.187347701299359,0.192977332283609,-0.176245777232802,0.715703418072279,0.2501213476176
"mean_gc_relief_flat_band_k1000",0.197297136854963,-0.762051470497816,0.00610218284347986,0.0910926286208912,0.309812232103805
"std_gc_relief_flat_band_k1000",0.199179075061047,-0.776656062761431,0.0249096191785157,0.0760824612880932,0.0777130607581989
"mean_gc_relief_rolling_band_k1000",-0.252469502667321,0.121595932815035,-0.0365300449995104,-0.104568055158255,-0.512420308484589
"std_gc_relief_rolling_band_k1000",-0.137456302437771,0.160888362033849,-0.0432105129649809,-0.0229347092785226,-0.529293797010712
"mean_gc_relief_strong_band_k1000",-0.158750094870674,0.869619026859412,0.00564666828836873,-0.0594729919763409,-0.151663961288182
"std_gc_relief_strong_band_k1000",-0.157937805929857,0.634786061129508,-0.0575111555633797,-0.0687228016484031,-0.363370634128363
"mean_gc_highest_point_low_band_k1000",0.771376903189874,-0.132171885131897,-0.164878904047266,0.32198947935691,0.358998175983327
"std_gc_highest_point_low_band_k1000",0.283135099104048,0.34650512527897,-0.30161083821103,0.234434502022969,0.23834065627181
"mean_gc_highest_point_mid_band_k1000",-0.337347221850819,0.281355795651923,-0.224101297220167,-0.129513745028716,-0.0295544922134172
"std_gc_highest_point_mid_band_k1000",-0.372372385450072,0.485883182393431,-0.170438427475292,-0.127267522272018,-0.108660545668576
"mean_gc_highest_point_high_band_k1000",-0.526857811044139,-0.0996754020858863,0.357182799487047,-0.242619151902772,-0.33653472660389
"std_gc_highest_point_high_band_k1000",-0.470808567415952,0.334677728145461,0.103476914108579,-0.248112190464625,-0.357463994884808
"mean_gc_contour_mean_elevation_m_k1000",-0.73270376792757,-0.00766132943118472,0.274158003330818,-0.355307970518997,-0.381856450070762
"std_gc_contour_mean_elevation_m_k1000",0.00203865182782899,0.743490168424212,-0.151904755919768,0.0315979389795896,0.0324570562360086
"mean_gc_contour_mean_slope_deg_k1000",-0.181098979879681,0.888665187345763,0.0288031747235333,-0.0706027243639213,-0.212922260657974
"std_gc_contour_mean_slope_deg_k1000",-0.0509899883022594,0.751629812776753,0.0902523279274258,-0.00034248682715529,-0.124951472126625
"mean_gc_contour_valley_depth_max_m_k1000",-0.103899110867453,0.826644295015266,0.145032542027628,-0.0562723239969359,-0.258927719868451
"std_gc_contour_valley_depth_max_m_k1000",-0.0518207326770225,0.778871133703555,0.0418652549055916,-0.00867907490401933,-0.246887071407772
"mean_gc_high_agri_plateau_proxy_k1000",-0.685567036839446,0.0188149605713936,-0.111895891559938,-0.324039394662009,-0.368975860736197
"std_gc_high_agri_plateau_proxy_k1000",-0.646872554370844,0.333106086075094,0.301583038390438,-0.245745043105023,-0.187099358396911
