state_key_pattern,owner,scope,draft_or_applied,source_file,line_refs,created_or_seeded,applied_or_read_by,reset_region_behavior,v3_recommendation,notes
"solar_applied_config","solar","workspace","applied","potential_app.py","178; 394-436; 4329-4357; 12549-12550","Default in DEFAULT_SOLAR_APPLIED_CONFIG and _ensure_default_start_state.","Read by _solar_config_from_session, map assembly, solar filter configs, right panel summaries.","Set to default in _ensure_default_start_state for region/version.","Keep, but type as SolarAppliedConfig and include version/source_draft_hash.","Best V2 example of explicit applied state."
"solar_draft_small_population_active","solar","workspace","draft","potential_app.py","4360-4364; 12461-12464; 4385-4425","Primed from applied with _prime_solar_draft_state; widget key in solar form.","Copied to solar_applied_config only on solar form submit.","Explicitly reset to default in _ensure_default_start_state.","Keep as field in SolarDraftConfig, not as loose top-level key.","Controls small population constraint."
"solar_draft_large_population_active","solar","workspace","draft","potential_app.py","4360-4365; 12494-12497; 4385-4425","Primed from applied; widget key in solar form.","Copied to applied on submit.","Explicitly reset to default in _ensure_default_start_state.","Keep as field in SolarDraftConfig.","Controls large population / settlement buffer."
"solar_draft_area_m2_per_person","solar","workspace","draft","potential_app.py","4360-4364; 12473-12480; 4385-4425","Primed from applied; numeric widget in solar form.","Copied to applied on submit and mirrored to legacy scenario key.","Reset in _ensure_default_start_state.","Keep but avoid legacy mirror if V3 can remove it.","Used for small population capacity filter."
"solar_draft_population_buffer_m","solar","workspace","draft","potential_app.py","4360-4365; 12498-12505; 4385-4425","Primed from applied; numeric widget in solar form.","Copied to applied on submit and mirrored to legacy scenario key.","Reset in _ensure_default_start_state.","Keep as draft-only until apply.","For Trøndelag, applied value drives dissolved polygon buffer."
"solar_draft_{group_id}_active","solar","filter groups","draft","potential_app.py","219-357; 4370-4379; 4389-4405; 4433-4436","Primed per SOLAR_FILTER_GROUP_SPECS group.","Copied into applied selected_filters on submit.","Reset from DEFAULT_SOLAR_APPLIED_CONFIG in _ensure_default_start_state.","Keep, but store under draft.solar.filter_groups[group_id].active.","Group ids include roads, rail, reindeer, nature/culture-like constraints depending spec."
"solar_draft_{group_id}_buffer_m","solar","filter groups","draft","potential_app.py","219-357; 4370-4379; 4389-4405; 4438-4444","Primed per group from applied/default.","Copied into applied selected_filters on submit.","Reset from DEFAULT_SOLAR_APPLIED_CONFIG in _ensure_default_start_state.","Keep as typed buffer_m in draft/applied group config.","Should not trigger geometry until apply."
"solar_draft_{group_id}_layer__{layer_id}","solar","filter layers","draft","potential_app.py","4137-4157; 4268-4275; 4438-4448","Primed from applied/default layer ids.","Copied into applied selected_filters on submit.","Reset from DEFAULT_SOLAR_APPLIED_CONFIG in _ensure_default_start_state.","Keep as selected_layer_ids list, not one key per layer if possible.","Checkbox state for source layers used by analysis."
"solar_draft_protected_layer__{layer_id}","solar","protected filter layers","draft","potential_app.py","4137-4157; 4261-4264","Special key helper for protected layers.","Copied to applied selected_filters on submit.","Reset from DEFAULT_SOLAR_APPLIED_CONFIG in _ensure_default_start_state.","Avoid special casing in state model; use group namespace.","Special V2 compatibility shape."
"solar_draft_visual_source__{group_id}","solar","map layer visibility","draft","potential_app.py","4160-4165; 4191-4196; 4369-4383; 12481-12515","Primed from applied visible_source_groups.","Copied into applied visible_source_groups on submit.","Reset from DEFAULT_SOLAR_APPLIED_CONFIG in _ensure_default_start_state.","Keep as draft.layer_visibility.source_group_ids.","Analysis can use a layer even if source visibility is off."
"solar_draft_visual_buffer__{group_id}","solar","map layer visibility","draft","potential_app.py","4160-4165; 4191-4196; 4369-4383; 12481-12515","Primed from applied visible_buffer_groups.","Copied into applied visible_buffer_groups on submit.","Reset from DEFAULT_SOLAR_APPLIED_CONFIG in _ensure_default_start_state.","Keep as draft.layer_visibility.buffer_group_ids.","Controls rendered buffer overlays only after apply."
"wind_builder_selected_layers","wind","workspace","applied-ish","potential_app.py","176; 7890-7898; 8159-8160; 8205-8207","Seeded by wind builder defaults and form submit.","Read by _selected_wind_layers, wind preview, energy/potential assembly.","Default/reset path calls wind default helpers in _ensure_default_start_state.","Replace with wind_applied_config.selected_layer_ids_by_group.","Works, but is not explicit draft/applied state."
"wind_control__analysis__{group_id}","wind","analysis controls","form-draft/applied-after-submit","potential_app.py","7906-7907; 8058-8066; 8165-8170","Created as Streamlit form widget key.","Read after submit into wind ui_params and fingerprint.","Seeded with defaults in _prime_wind_builder_state and _ensure_default_start_state path.","Replace with wind_draft_config.analysis_values_m and wind_applied_config.analysis_values_m.","Do not rely on Streamlit form batching as the only contract."
"wind_control__group__{group_id}","wind","group active controls","form-draft/applied-after-submit","potential_app.py","7906-7907; 8090-8102; 8159-8163","Created as Streamlit form checkbox key.","Contributes to normalized layer selection after submit.","Seeded in _prime_wind_builder_state/defaults.","Replace with typed active_groups or selected_layer_ids_by_group.","Controls settlement/protected/culture/reindeer groups."
"wind_control__layer__{layer_id}","wind","source layer controls","form-draft/applied-after-submit","potential_app.py","7906-7907; 8109-8120; 8159-8160","Created as Streamlit form checkbox key.","Normalized into wind_builder_selected_layers after submit.","Seeded from saved selection/default layers.","Replace with selected_layer_ids arrays.","Disabled if layer assets are missing."
"wind_control__visual_source__{group_id}","wind","map layer visibility","form-draft/applied-after-submit","potential_app.py","7906-7907; 7910-7937; 8138-8148","Created as Streamlit form checkbox key.","Read by _wind_visual_options_from_state and wind preview after submit.","Seeded in _prime_wind_builder_state/defaults.","Replace with wind draft/applied layer_visibility.source_group_ids.","Controls source overlays separately from analysis selection."
"wind_control__visual_buffer__{group_id}","wind","map layer visibility","form-draft/applied-after-submit","potential_app.py","7906-7907; 7910-7937; 8138-8148","Created as Streamlit form checkbox key.","Read by _wind_visual_options_from_state and wind preview after submit.","Seeded in _prime_wind_builder_state/defaults.","Replace with wind draft/applied layer_visibility.buffer_group_ids.","Controls buffer/group overlays separately from analysis selection."
"wind_empty_selection_active","wind","workspace","applied-ish flag","potential_app.py","181; 4096; 8161-8163","Set when applying wind controls with no selected layers.","Read by wind preview to decide empty-selection behavior.","Reset false in _ensure_default_start_state.","Keep as derived flag in applied wind state, or compute from selected layers.","Needs explicit AppTest for empty selection."
"potential_workspace_render_cache_v2","workspace","cache","rendered snapshot","potential_app.py","168; 2280-2293; 11676-11718; 13457-13477","Written after workspace render with fingerprint and map_state.","Read for UI-only reruns when fingerprint matches.","Invalidated by apply/reset and calculation changes.","Port as RenderedAnalysisSnapshot cache keyed by applied fingerprint.","Good pattern, but should be typed."
"potential_ui_only_rerun","workspace","ui-only rerun","ui-only","potential_app.py","166; 2202-2217; 2412-2469; 3590-3645; 12685-12699","Set by panel and opacity UI callbacks.","Allows reuse of cached workspace outputs.","Cleared by _invalidate_workspace_cache or cache handling.","Keep as separate UI state, not analysis state.","Prevents recalculation on pure presentation changes."
"potential_ui_only_rerun_reason","workspace","ui-only rerun","ui-only","potential_app.py","167; 2202-2217","Set together with potential_ui_only_rerun.","Debug/context for cache reuse.","Cleared when invalidating cache.","Optional in V3; useful for diagnostics.","Not part of analysis fingerprint."
"combined_h3_display_mode","map/geography","display resolution","applied/display","potential_app.py","4104-4105; 4494-4566","Set to current/default in _ensure_default_start_state.","Read by map controls and included in calculation/render path.","Reset to current in _ensure_default_start_state.","Keep as applied display state if it changes rendered map/result aggregation.","For Trøndelag supported display resolutions are R7/R6/R5, not R9."
"combined_h3_resolution","map/geography","display resolution","applied/display","potential_app.py","4104-4105; 4494-4566","Set to 7/default in _ensure_default_start_state.","Read by map/analysis flow.","Reset to 7 in _ensure_default_start_state.","Keep applied; changing it should rebuild snapshot.","Must enforce Trøndelag R7/R6/R5 only."
"potential_selected_region_id","workspace","region","applied app context","potential_app.py","174; 12347-12352","Set by region selector/default region.","Drives manifests, registry selection and default state version.","Region-specific default version key controls initialization.","Keep as top-level app context and namespace all draft/applied state by region.","Registry selection also uses this key in acceptance_model.layers."
"potential_start_default_version_{region_id}","workspace","reset/version","default guard","potential_app.py","180; 4088-4135","Set after defaults have been applied for a region/version.","Read to avoid reapplying defaults every rerun.","Changing START_DEFAULT_VERSION forces default path.","Keep a migration/default schema version per region.","Useful, but should not be the only reset mechanism."
"potential_left_panel_open","layout","panel state","ui-only","potential_app.py","158; 2412-2469","Set by panel controls.","Read by layout rendering only.","Not reset as analysis state.","Keep outside applied analysis state.","UI-only."
"potential_right_panel_open","layout","panel state","ui-only","potential_app.py","159; 2412-2469","Set by panel controls.","Read by layout rendering only.","Not reset as analysis state.","Keep outside applied analysis state.","UI-only."
"potential_right_panel_width_pct","layout","panel state","ui-only","potential_app.py","160; 2412-2469","Set by panel width control.","Read by layout rendering only.","Not reset as analysis state.","Keep outside applied analysis state.","UI-only."
"potential_map_view_reset_token","map","view state","ui-only/map view","potential_app.py","156; 4494-4566; 7447-7476","Incremented/used when map view should reset.","Passed to renderer as map_reset_token.","Reset behavior tied to map controls.","Keep separate from analysis state.","Leaflet localStorage uses token to clear saved view."
"show_social_acceptance","social acceptance","workspace","live/applied direct","potential_app.py","4109-4113; 12580-12631","Default false in _ensure_default_start_state; widget writes directly.","Included in calculation/render path and fingerprint.","Reset false by _ensure_default_start_state.","Decide: either keep as explicit live control or move into draft/apply.","Current V2 behavior differs from solar/wind apply model."
"social_acceptance_scenario_{region_id}","social acceptance","workspace","live/applied direct","potential_app.py","3433-3483; 12580-12631","Widget writes directly when social acceptance panel is used.","Included in social acceptance layer/analysis state.","Region-specific key, hidden by default at startup.","Prefer applied state if V3 makes all analysis controls apply-gated.","Trøndelag manifest is synthetic/placeholder-like."
"social_acceptance_impact_pct_{region_id}","social acceptance","workspace","live/applied direct","potential_app.py","3433-3483; 12580-12631","Widget writes directly.","Included in calculation fingerprint.","Region-specific key.","Move into draft/applied or mark live explicitly.","Currently not behind Använd ändringar."
"social_acceptance_allocation_priority_pct_{region_id}","social acceptance","workspace","live/applied direct","potential_app.py","3433-3483; 12580-12631","Widget writes directly.","Included in calculation fingerprint.","Region-specific key.","Move into draft/applied or mark live explicitly.","Currently not behind Använd ändringar."
"analysis__{group_id}","standalone acceptance_app","prototype","form-draft/applied-after-submit","apps/acceptance_app.py","58-65; 84-137; 253-299","Initialized in _init_state and rendered in form.","Runtime payload reads after form submit/rerun.","No region-aware reset beyond prototype init.","Use only as historical reference; replace with typed V3 state.","Prototype shows apply intent but lacks explicit applied object."
"blend__{group_id}","standalone acceptance_app","prototype/display","form-draft/applied-after-submit","apps/acceptance_app.py","58-65; 84-137","Initialized in _init_state and rendered in form.","Controls display blend in prototype overlays.","No region-aware reset beyond prototype init.","Do not port unless V3 needs blend UI.","Display-only concept, less relevant to unified app."
"layer__{layer_id}","standalone acceptance_app","prototype/source layers","form-draft/applied-after-submit","apps/acceptance_app.py","58-65; 84-137","Initialized in _init_state and rendered in form.","Runtime payload/source overlays read after submit.","No region-aware reset beyond prototype init.","Use registry idea, not loose key shape.","Superseded by unified wind controls."
